User,Number of Sessions
0003ec77-0e63-11f0-aa96-631553c01f83,1.5
001dabef-d80f-11ef-a528-33f8c12257be,1.0
00251d21-0e63-11f0-bc1a-4f6383e26d0e,1.0
00321efa-e08c-11ee-a58b-cb331d232268,1.0
003bcda4-e888-11ee-bb6f-812fe712963e,1.0
0060b775-0b47-11f0-9c32-3f80876f42ad,1.0
006f68d7-0e63-11f0-a1b6-d5f031927cd2,1.0
008b7d80-d80f-11ef-8fd8-836c13b41063,1.0
00a0caaf-0b47-11f0-b003-b988bcc3c251,1.0
00aa5fc1-e888-11ee-a902-f30d2f92ccc2,1.0
00b00ee8-e888-11ee-be48-cdab8d463470,1.5
00c8a6e2-87af-11ee-8d89-bbe4872ed907,1.0
00e19548-96ee-11ef-85bd-0deadceb4de1,1.0
00e2f4f5-e888-11ee-abba-a1537c2618e2,1.0
00f67473-87af-11ee-9293-a34456479055,1.0
01070cb9-e08c-11ee-959b-c9b410d5d72f,1.0
01114e4a-a66d-11ee-bf81-7fd9d86650b9,1.0
011854f4-0b47-11f0-b81d-b18f3933048d,2.0
014aa183-000c-11f0-87c2-41101853c255,1.0
014ed191-96ee-11ef-89fe-0deadceb4de1,1.0
0164fb6a-d80f-11ef-bebb-a3ba5f828d6b,1.0
01745d81-96ee-11ef-a054-9d7cf6bcc22b,1.0
0179242f-4538-11ef-8685-4be1970e6cc7,1.0
018ac2c2-e08c-11ee-ba65-33c266cdbea5,1.0
018b5afb-d02a-11ee-bc78-fd392210567d,1.0
018df9f6-cc41-11ee-8b1d-57f3dc2e2d60,1.0
01980fa2-87b0-11ee-9a5b-0956827f7b84,1.0
01af3a71-000c-11f0-b133-d95246b48334,1.0
01d0bea8-e08c-11ee-a9ee-b7a669cc74df,1.0
01d1eb6a-e08c-11ee-a833-8ffe7d963d15,1.0
01d38c5b-4538-11ef-beb4-05be99add0b9,1.0
01e48d6f-cc41-11ee-a60c-9fa4ee0dbc4b,1.0
0214b867-000c-11f0-afe1-e959c5186e0a,1.0
021d3fc7-e08c-11ee-9ff4-41ba2b04bf0c,1.0
022391c5-e08c-11ee-832a-05cb971565d5,1.0
022864f7-a66d-11ee-8ea2-273cc8d8ec95,1.0
02340fad-e08c-11ee-a02d-93429baa6875,1.0
0246ab41-d02a-11ee-a326-fd392210567d,2.0
0256c512-e08c-11ee-9f22-b18cef0d829f,1.0
025738e7-000c-11f0-9722-e959c5186e0a,1.0
02584ed8-e08c-11ee-8a87-25663a1edea9,1.0
02585288-e08c-11ee-bda9-41ba2b04bf0c,1.0
027b6ae8-000c-11f0-8b0f-b7aa59245fec,1.0
028b1321-d02a-11ee-ba7b-2bf02a8be79d,1.0
028c4255-4538-11ef-814a-61b589e7f51f,1.0
029f1e60-000c-11f0-a97f-e959c5186e0a,1.0
02ac0dca-d02a-11ee-92f5-2bf02a8be79d,1.0
02adb61b-4538-11ef-9604-35f2012a1bb6,1.0
02bd1d3c-000c-11f0-9bc3-e959c5186e0a,1.0
02bf2228-000c-11f0-957a-b7aa59245fec,2.0
02fb9ed2-4538-11ef-abe3-a3919a9cf6bf,1.0
02fceafc-4538-11ef-aa01-4903c4f7500b,1.0
02fe585f-d02a-11ee-83c6-054159ce797a,1.0
03019e1a-000c-11f0-ba5a-b7aa59245fec,1.5
031b9231-96ee-11ef-893a-0fa6ef8b9c8e,1.0
033d18da-96ee-11ef-8798-03f1ce35990a,1.0
0355c439-a66d-11ee-a591-138cde77ce79,1.0
038ba15c-87af-11ee-a5db-ed5dfbd1ecd4,1.0
03a371c8-96ee-11ef-a602-650a730f9228,1.0
03a54073-4538-11ef-8dcf-75bf32fcd8a5,1.0
03b0b632-e888-11ee-bb61-f30d2f92ccc2,1.0
03c394d8-87af-11ee-8533-d7acbb0efe09,1.0
03ce523c-4538-11ef-af9b-57206f69b7ba,1.0
03d16f42-000c-11f0-bdf7-675d6386f2f2,5.0
03e86615-115b-11ef-b0ed-59ae9a358f92,1.0
03f97942-000c-11f0-9c69-0fe250feb389,1.0
0401214a-4538-11ef-b8fd-af746575f845,1.0
0403093e-a66d-11ee-9216-09978fd5a5f6,1.0
043aefc1-000c-11f0-9329-6debb49bf0c7,1.0
044aec11-96ee-11ef-a0ab-650a730f9228,1.0
04666b44-cc41-11ee-8f6a-1ba0aa1525b3,1.0
048d2747-87af-11ee-9c8f-937164efacfe,1.0
049011e8-e08c-11ee-b806-c9b410d5d72f,1.5
04a08246-000c-11f0-b696-b19d101b8d93,1.6923076923076923
04cff28f-e30f-11ef-972c-f31104b701a5,1.0
04d25dd6-e30f-11ef-a512-3990e056a77e,1.0
04dddd1e-cc41-11ee-9a95-13eaeb49a171,1.0
04e37640-000c-11f0-ba19-35752ee55873,1.0
04f48aa9-87af-11ee-9e2e-9de8ebbd66f9,1.0
0504145f-87b0-11ee-812d-4f7e5bfd9230,1.0
050fa00e-a66d-11ee-99e1-09978fd5a5f6,1.0
05262df5-000c-11f0-9aab-f7894bfcb2ef,1.0
05297b21-000c-11f0-bebb-dd71b0392b68,1.0
055b6a8a-e30f-11ef-b7fc-875e0467dc43,1.0
0573608d-87af-11ee-8703-9de8ebbd66f9,2.0
05763055-cc41-11ee-b0d0-9fa4ee0dbc4b,1.0
0578ffab-e30f-11ef-8caf-f31104b701a5,1.0
057b6a97-e30f-11ef-846d-2967956e1029,2.0
058f548e-000c-11f0-b979-d380ae44e6c1,1.0
0594003a-96ee-11ef-a8d6-432d62b22619,1.0
059dcad1-115b-11ef-bbbd-bf0df3c852c3,1.75
05c35937-cc41-11ee-a55e-9fa4ee0dbc4b,1.0
05e7f4d9-d02a-11ee-98a9-473fd32569a8,2.0
05ebc9af-d02a-11ee-b57a-05c5e69c13ab,1.0
05ec4a29-be11-11ef-8d5b-eb92caee6812,2.6470588235294117
060e9c8f-d02a-11ee-9393-65ffc28aaf19,1.5
060fffae-000c-11f0-8286-d95246b48334,1.0
0613f464-96ee-11ef-9a9c-0fa6ef8b9c8e,1.0
06305381-000c-11f0-8e96-d95246b48334,1.0
0631f9d1-000c-11f0-98cc-d380ae44e6c1,1.0
06532359-0ca4-11ef-8ed3-2949f3fde4a8,1.0
065b8b2c-000c-11f0-a73a-d380ae44e6c1,1.0
067de60d-000c-11f0-99e8-5bf1caa4730c,1.0
0680630d-07ed-11ef-a835-a35c7f06c1fa,1.0
068d027f-e888-11ee-bf49-0b1051a83709,2.0
068d5111-e30f-11ef-ad0e-f31104b701a5,2.0
069646d7-000c-11f0-9396-675d6386f2f2,1.0
06a86c98-d02a-11ee-8176-49e3239f6572,1.0
06ab8b32-d9a1-11ef-98cf-9307bfb7eb83,1.0
06aba015-d9a1-11ef-b265-e33f634b4e88,1.0
06b06483-d02a-11ee-a02a-abc3336e886b,1.0
06f65d93-87af-11ee-84ec-6d5040aca22f,1.0
06f9a877-000c-11f0-bb8b-8fede9c6b5ca,1.0
070f8acd-96ee-11ef-b5fe-0fa6ef8b9c8e,1.0
07186199-d9a1-11ef-9a04-33318965822e,3.0
07196c93-e30f-11ef-931d-ddf103a8910a,1.0
0719a6f1-e30f-11ef-b870-f31104b701a5,1.0
072b8339-a66d-11ee-bf83-c18e5de2533a,1.0
072c4388-115b-11ef-90c4-a3e5cc27e036,1.0
072e078f-115b-11ef-96c0-2df86500bc7e,1.0
073c779f-0ee9-11f0-b7cf-71893d07bab6,1.0
074148a2-e30f-11ef-bb46-2793d934ae26,1.0
07414962-e30f-11ef-9fb7-1907b95bafec,1.0
074e6cab-0ee9-11f0-9301-2bac234530c2,1.0
07513c32-96ee-11ef-bc67-d16415050836,2.0
0757ed87-000c-11f0-94f3-c95615349d79,1.0
076864db-e30f-11ef-b8b6-1907b95bafec,1.0
0783b174-e30f-11ef-85f8-1907b95bafec,1.25
07985737-d02a-11ee-8b1c-cfed6e0e153b,1.5
079aaafc-d02a-11ee-8667-054159ce797a,1.0
079d9254-000c-11f0-bff0-79ccf6d2215f,1.0
07c6b2d9-d9a1-11ef-a254-9307bfb7eb83,1.0
07c7537d-4ec8-11ef-97a2-8d216e803e66,1.0
07cb7ad8-e30f-11ef-8702-1907b95bafec,1.0
07ced8f2-e30f-11ef-a66e-f31104b701a5,1.0
07e13475-000c-11f0-960b-edfcd070cc01,1.0
07eb0fa3-a66d-11ee-b0b6-0fc38695257d,1.0
07ed4676-96ee-11ef-99aa-650a730f9228,1.0
07fe9b53-96ee-11ef-aa46-03f1ce35990a,1.0
080e8173-d9a1-11ef-ae57-7d2927aafc93,1.0
08171d1d-d9a1-11ef-98d4-7d2927aafc93,1.0
082ea82d-87af-11ee-9a35-8540968a4aab,1.0
082f60e5-87af-11ee-9ade-23bd046534df,1.0
0838a727-e30f-11ef-b6cd-5fc876857f0b,1.0
083aba26-e30f-11ef-843d-2967956e1029,1.0
08481e8b-000c-11f0-a7d6-17fbaaf61d9f,1.0
08579272-d9a1-11ef-a7ce-8fd3844ac594,1.0
085fd979-07ed-11ef-8d8a-e7003524de3a,1.0
08614dce-e30f-11ef-bdb9-ddf103a8910a,1.0
08690414-d02a-11ee-afa4-7fc6a89546c9,1.0
0876f8ec-d9a1-11ef-9c67-8fd3844ac594,1.0
08829f16-e30f-11ef-b683-5fc876857f0b,1.0
088336e0-e30f-11ef-9598-f31104b701a5,1.0
0893f01a-d02a-11ee-96a4-15d5a1d6ff1e,1.0
08c09cc7-d9a1-11ef-b8ec-8fd3844ac594,1.0
08ca11c8-000c-11f0-adce-397e7845e734,2.0
08cec654-96ee-11ef-b850-ab9878b42587,1.0
08e4513b-d9a1-11ef-b7e7-27ecbad221ec,1.0
08f34b4c-96ee-11ef-9a0a-650a730f9228,1.0
08f603ec-87b0-11ee-99f6-85e000f9cde0,1.0
08fa0cb6-952f-11ee-89e1-3d12e6696fa7,1.0
090cba6c-d9a1-11ef-9a80-8fd3844ac594,1.0
090d7eb4-0ca4-11ef-96e9-1d55612a9383,1.0
092cbddc-87af-11ee-85b3-f15634ef6b75,1.0
09482b61-d9a1-11ef-a25f-7d2927aafc93,1.0
094a4f52-d9a1-11ef-aba3-8fd3844ac594,1.0
095892b0-e30f-11ef-af22-53e63baa492d,2.0
095b21e1-e30f-11ef-b5d1-2793d934ae26,1.0
0974a197-0ca4-11ef-86d0-cfb30595e5e6,1.0
09790e47-e30f-11ef-b937-2793d934ae26,1.4444444444444444
09896bbc-e30f-11ef-adec-875e0467dc43,1.0
09ae90d7-96ee-11ef-a2a5-0fa6ef8b9c8e,1.0
09b7b83a-d9a1-11ef-b8ff-27ecbad221ec,1.0
09bc6481-0ca4-11ef-b43f-cfb30595e5e6,2.0
09c1e24a-e30f-11ef-9e35-65d258a699f2,1.0
09c336a8-d02a-11ee-9912-abc3336e886b,2.0
09c83f7a-d02a-11ee-986b-65ffc28aaf19,1.0
09c9f26d-e30f-11ef-8e26-65d258a699f2,1.0
09d824f5-d9a1-11ef-a63c-7d2927aafc93,1.0
09e35582-e30f-11ef-b505-65d258a699f2,1.0
09f7f31b-1002-11f0-a3db-a310f439d273,1.0
09f8318f-d9a1-11ef-ac74-27ecbad221ec,1.0
09fe01c3-d9a1-11ef-bb0b-6111f0946b60,2.0
0a0490cf-e30f-11ef-a301-65d258a699f2,1.0
0a04dc4f-e30f-11ef-b18f-2793d934ae26,1.0
0a133431-d02a-11ee-9043-05c5e69c13ab,1.0
0a1a5697-d9a1-11ef-8230-ef41290ab887,1.0
0a2a761d-e30f-11ef-99a6-17dd272319b9,1.0
0a410713-d9a1-11ef-8ec6-e13e47db392a,1.0
0a4242cc-000c-11f0-af4b-5bf1caa4730c,1.0
0a5694fb-7c47-11ef-8dec-99ef04f3d298,1.0
0a68bb20-0ca4-11ef-93c2-d7bf6f00ad0c,2.0
0a823bb1-000c-11f0-ac40-675d6386f2f2,1.0
0a98bdce-e30f-11ef-a6ce-17dd272319b9,1.0
0aa31850-000c-11f0-ba62-5bf1caa4730c,1.0
0aa36f42-000c-11f0-8f5f-edfcd070cc01,1.0
0ab83136-87af-11ee-ad4a-c7194e2b053a,1.0
0ac9b899-d9a1-11ef-a288-39b6038380e6,1.0
0aca980b-d9a1-11ef-b3bb-dbcc41162252,1.0
0ad8e552-e30f-11ef-8461-f31104b701a5,2.0
0ade3e77-e30f-11ef-bf91-2793d934ae26,1.0
0afaa50b-87af-11ee-b38a-33f3de93faa9,1.0
0b07bcb1-7c47-11ef-b7fd-9d40611a1a6c,1.0
0b0ed61a-d9a1-11ef-8dd2-514262dd5ec1,1.1428571428571428
0b0ef0b5-d9a1-11ef-995f-8fd3844ac594,2.0
0b117d7a-d9a1-11ef-b554-792cf0fa9b97,1.0
0b134b56-e30f-11ef-a446-875e0467dc43,1.0
0b2dd154-d9a1-11ef-a2c3-6ba29ada1d7a,2.0
0b330e27-e30f-11ef-9184-a1a0d7dfc274,1.3333333333333333
0b343b79-e30f-11ef-a91b-f31104b701a5,1.0
0b4f6357-000c-11f0-8552-17fbaaf61d9f,1.0
0b510bba-000c-11f0-bf37-edfcd070cc01,1.0
0b5359d6-e30f-11ef-9dd9-17dd272319b9,1.0
0b5518a4-e30f-11ef-b19f-5fc876857f0b,1.0
0b596955-e30f-11ef-9b1f-2793d934ae26,1.0
0b59ae4d-e30f-11ef-a811-65d258a699f2,1.0
0b6033a0-96ee-11ef-97a6-9d7cf6bcc22b,1.0
0b724319-d9a1-11ef-8292-13408dba8100,1.0
0b969c81-d9a1-11ef-a7c0-d5355124239a,1.0
0bb9b894-e30f-11ef-9ec3-5fc876857f0b,1.0
0bda8c9c-e30f-11ef-808b-1907b95bafec,1.0
0bdc7a03-7c47-11ef-80c4-cf775a3676cc,1.0
0bf49646-d9a1-11ef-97b9-5d6869391c47,1.0
0bf53f42-000c-11f0-8693-edfcd070cc01,1.0
0bf6a886-d9a1-11ef-a4d5-579107f162c5,1.0
0c00c864-e30f-11ef-822b-a1a0d7dfc274,1.0
0c0e47c8-96ee-11ef-9a95-9d7cf6bcc22b,1.0
0c1ed3f1-000c-11f0-8099-bf8b4b00c12f,1.0
0c2d8f37-c5f2-11ee-accf-07f224ff977a,1.0
0c2dd2a6-87af-11ee-bfc4-df75cd34e5a4,1.0
0c2e353a-96ee-11ef-ae7f-0fa6ef8b9c8e,1.0
0c3c7119-000c-11f0-9c76-b19d101b8d93,5.0
0c3c8c78-d9a1-11ef-be7f-27556e249c09,1.0
0c46f7e4-d9a1-11ef-b25a-dbcc41162252,1.0
0c49d5fd-e30f-11ef-958b-5fc876857f0b,2.0
0c5eb84c-d9a1-11ef-9000-5d6869391c47,1.0
0c61ad4c-d9a1-11ef-beb7-dbcc41162252,1.0
0c6aabff-e30f-11ef-95e0-53e63baa492d,2.0
0c750d31-e30f-11ef-b2d0-afe2c67a34d7,2.0
0c8663d7-c5f2-11ee-86ae-45e6556e05e2,1.0
0c8ce5b2-d9a1-11ef-938f-dbcc41162252,1.0
0c96d01d-87b0-11ee-a6a9-d7acbb0efe09,1.0
0cd314c6-93a9-11ee-8377-bb72e2943eb1,1.0
0cee548d-c5f2-11ee-b4f9-f14eef0f2421,1.0
0cf6e6c8-96ee-11ef-ba60-2d2341cd1427,1.0
0cf88483-87af-11ee-9fc1-33f3de93faa9,1.0
0cfce0f0-e30f-11ef-9d10-6717a8fede92,1.0
0cfe3062-5d68-11ee-85b5-c51494a9bfa0,1.0
0d14756e-d9a1-11ef-a221-39b6038380e6,1.0
0d159db7-87af-11ee-98bf-8540968a4aab,1.0
0d1c44cc-d9a1-11ef-8fdc-27556e249c09,1.0
0d25d050-5d68-11ee-8efd-cb9ede1245ca,1.0
0d3a8482-d9a1-11ef-bca9-99800fd10620,1.0
0d477963-96ee-11ef-b49c-2d2341cd1427,1.0
0d5fca45-d9a1-11ef-a563-99800fd10620,1.0
0d760f06-d9a1-11ef-8e2c-27556e249c09,1.0
0d7d91cd-d9a1-11ef-b5bb-d5355124239a,1.0
0d7f843a-d9a1-11ef-a182-13408dba8100,1.0
0d804aee-e30f-11ef-943a-2793d934ae26,1.0
0dc37709-d9a1-11ef-92b0-dbcc41162252,1.0
0dc3abf9-d9a1-11ef-ba8b-33318965822e,1.0
0dfbfc72-e30f-11ef-8cd8-75dad709dc05,1.0
0e0394de-5f00-11ee-b9c1-53db5e12d076,1.0
0e07da24-e30f-11ef-9062-f31104b701a5,1.0
0e0eade5-a66d-11ee-a80f-c3cddb8f59dd,1.0
0e128f5c-5f00-11ee-afef-fb433c3c1592,1.0
0e313150-e30f-11ef-b53a-2967956e1029,1.0
0e4cb62f-e30f-11ef-aa27-5fc876857f0b,1.0
0e61ed93-e30f-11ef-94c1-875e0467dc43,1.0
0e8bc32d-e30f-11ef-b45e-5fc876857f0b,1.0
0e92cc6f-d9a1-11ef-87c1-e9ffa1360de8,1.0
0e947534-d9a1-11ef-810e-dbcc41162252,1.0
0e9596ad-d9a1-11ef-b6f2-d5355124239a,1.0
0ea019b0-d9a1-11ef-8b5b-27556e249c09,1.0
0ea769f8-87af-11ee-936b-d7acbb0efe09,1.0
0ed78584-d9a1-11ef-a47b-e9ffa1360de8,1.0
0ee0e794-96ee-11ef-83c7-7f13ec4166d1,1.0
0eed96a8-80dd-11ef-b3f5-9d16996ae54a,1.0
0efa08cc-d9a1-11ef-af9d-37fed3af47e8,2.25
0efa0def-d9a1-11ef-896a-fb85156d48ac,1.0
0efed09e-e30f-11ef-a5ae-65d258a699f2,1.0
0f236322-96ee-11ef-8597-976d2563cf46,1.0
0f2559ae-96ee-11ef-af2f-432d62b22619,1.0
0f43950a-d9a1-11ef-ad16-a357ab374df0,3.0
0f4bf878-96ee-11ef-ac62-77c9d4dd9b76,1.0
0f4f6cda-e30f-11ef-9513-afe2c67a34d7,1.0
0f68c725-d9a1-11ef-9bb4-39b6038380e6,1.0
0f8896c4-d9a1-11ef-9469-d5355124239a,1.0
0fa48311-e30f-11ef-a325-f31104b701a5,1.0
0fbbc7e3-a66d-11ee-8464-5f83e8860ac1,1.0
0fc07b42-e30f-11ef-862e-6717a8fede92,2.0
0fc71f27-e30f-11ef-8eb4-213eabe3b5af,1.0
0fd5374f-87af-11ee-8439-67cd85f3bbe0,1.0
0fd9ae49-d9a1-11ef-a983-5d6869391c47,1.0
0ffd2ad1-e30f-11ef-9220-213eabe3b5af,1.0
10020252-e30f-11ef-ad07-afe2c67a34d7,1.0
1019c902-87af-11ee-8c43-bbe4872ed907,1.0
102094dd-e30f-11ef-9e30-ddf103a8910a,1.0
104dbf9b-a66d-11ee-985e-9937e2e4b61a,1.4444444444444444
106647d6-d9a1-11ef-b8f6-e9ffa1360de8,1.0
108a2c1c-d9a1-11ef-8c40-dbcc41162252,1.0
10949f4e-e30f-11ef-af4b-8f64ee577861,1.5
10a67ab1-d9a1-11ef-aadc-49f8f0bbc71c,1.0
110c9293-c141-11ee-9075-c567b360bd15,1.0
110dd7f9-d9a1-11ef-9e3e-514262dd5ec1,1.0
111360a0-7e6b-11ee-8c9e-555582c195f4,1.0
1114ec54-e30f-11ef-9830-4b290f2bd34d,1.0
1117c3c0-87af-11ee-ad7d-d11edfb50e73,1.0
1131f515-e30f-11ef-89a0-a5b167a01479,2.0
113271c5-e30f-11ef-8c8c-19a17c73a3f1,1.0
1150b468-e30f-11ef-88d6-75dad709dc05,1.0
1170547a-e30f-11ef-8034-4b290f2bd34d,1.0
11781100-d9a1-11ef-8960-39b6038380e6,1.0
1180ec12-87af-11ee-81ad-d11edfb50e73,1.0
11933769-e30f-11ef-b690-8f64ee577861,1.0
11c51cc9-d9a1-11ef-bb64-4f9b02044700,1.0
11d5c90c-e30f-11ef-8320-ddf103a8910a,1.0
11ebea71-c141-11ee-9cf1-23866b4e39de,1.0
11f44a60-e30f-11ef-ada4-2967956e1029,1.0
1211fc01-d9a1-11ef-846f-37fed3af47e8,1.0
121699fa-e30f-11ef-9d6f-afe2c67a34d7,1.0
1227ada0-d9a1-11ef-ade6-39b6038380e6,2.0
122bc301-c5f2-11ee-a7cd-3f4b10bb751c,1.0
122eb485-a66d-11ee-be4f-dd7494a8038b,1.0
1238ff03-e30f-11ef-82f2-53e63baa492d,1.0
1244f2de-87af-11ee-9a06-33f3de93faa9,1.0
127a8f1d-96ee-11ef-a801-bb5ff0c900eb,1.0
127ed9d9-e30f-11ef-85ec-ddf103a8910a,1.0
127f1655-e30f-11ef-86ac-5fc876857f0b,1.0
129bde1a-e30f-11ef-99fb-53e63baa492d,1.0
12a9c128-c141-11ee-bdfc-ed6556609cb6,1.0
12b66c5d-e30f-11ef-ae0a-3990e056a77e,1.0
12b6c018-e30f-11ef-8d42-53e63baa492d,1.0
12d743ac-e30f-11ef-8d02-afe2c67a34d7,1.0
12e1a491-e30f-11ef-8c72-ddf103a8910a,1.0
130198ad-e30f-11ef-876a-a5b167a01479,1.0
1305cd56-e30f-11ef-9960-53e63baa492d,1.5
13141082-96ee-11ef-bd9f-c1b14134ca3f,1.25
131508c9-87b0-11ee-859a-bbaf86afe6b6,1.0
131eb495-e30f-11ef-8c88-3990e056a77e,1.0
133d5d1a-e30f-11ef-828b-ddf103a8910a,1.5
135ba9ae-d9a1-11ef-aff6-6ba29ada1d7a,1.0
136b204d-e30f-11ef-907e-f31104b701a5,1.0
136d4b8a-94fe-11ee-9f01-c1e191166135,1.0
1384deac-d9a1-11ef-9d0c-8fd3844ac594,1.0
1384eaec-d9a1-11ef-860a-6ba29ada1d7a,1.0
1388e11c-e30f-11ef-8c39-ddf103a8910a,2.0
13ab4a44-87af-11ee-945d-33f3de93faa9,1.5
13abb790-e30f-11ef-9bd8-a5b167a01479,2.0
13c87d14-d9a1-11ef-b7ad-6ba29ada1d7a,1.0
13c978ca-d9a1-11ef-b36d-49f8f0bbc71c,1.4
13cc578b-d9a1-11ef-a01b-a357ab374df0,1.6
13cd138e-e30f-11ef-bba4-f31104b701a5,1.0
13e7d98d-d9a1-11ef-9e83-fb85156d48ac,1.0
13e84186-d9a1-11ef-8793-4f9b02044700,1.0
13f3a96f-e30f-11ef-bbd4-5fc876857f0b,1.0
14073cd1-d9a1-11ef-88ff-39b6038380e6,2.0
1409d6ed-d9a1-11ef-a275-9fd4fd740a01,1.0
141631a0-e30f-11ef-993d-8f64ee577861,1.0
14489326-d9a1-11ef-bcbc-23429d6d9c45,1.0
1487fce4-e30f-11ef-bbef-35c9480a1f3f,1.0
14a468a8-87af-11ee-9401-bbe4872ed907,1.0
14a96079-e30f-11ef-b845-17dd272319b9,1.0
14ae608b-d9a1-11ef-ad6f-13408dba8100,1.0
14cef9f1-e30f-11ef-a7da-53e63baa492d,1.0
14dcd908-d9a1-11ef-a43f-39b6038380e6,1.0
14de7701-d9a1-11ef-a7f6-514262dd5ec1,1.0
14f023b1-e30f-11ef-b3a4-875e0467dc43,1.0
14ffb1f9-d9a1-11ef-8ef7-11c300d297d7,1.0
15087b5c-96ee-11ef-9deb-9d7cf6bcc22b,1.0
15178408-e30f-11ef-bd62-19a17c73a3f1,1.0
15243aba-96ee-11ef-b795-9d7cf6bcc22b,1.0
15260fe2-87af-11ee-97c0-c7194e2b053a,1.0
1529725e-a66d-11ee-b621-9937e2e4b61a,1.0
1538397a-e30f-11ef-8fba-875e0467dc43,1.0
153bf64f-87af-11ee-a76c-4950d880aa6b,1.0
1540c5c1-87b0-11ee-a472-2b1d0885071f,2.0
1545cbad-a66d-11ee-a4d2-c32fa58522b9,2.0
15584a40-e30f-11ef-9e8f-75dad709dc05,1.0
155fe4bf-94fe-11ee-a7bf-43ef1a171e0f,2.0
157b933c-e30f-11ef-a81b-75fd7f8e6fd6,1.0
15962b4b-e30f-11ef-8b85-75fd7f8e6fd6,1.5
15aa5bfd-d9a1-11ef-9fd9-33318965822e,1.0
15cd1f16-0efa-11f0-a989-75f42ab141a5,1.0
15dadcf3-87b0-11ee-8408-6d5040aca22f,1.0
15f34f95-87af-11ee-bc3c-b3542f744263,1.0
15f43e4c-d9a1-11ef-9775-9fd4fd740a01,1.0
15f492b6-d9a1-11ef-bd2d-13408dba8100,1.0
16000d5f-e30f-11ef-8c16-431e644ad6f4,1.0
16042564-87b0-11ee-b2ca-8b895acfa303,1.0
1619d1e7-d9a1-11ef-9071-11c300d297d7,1.0
161d4520-d9a1-11ef-b3c0-fb85156d48ac,1.0
162109ef-e30f-11ef-add7-53e63baa492d,1.0
16237cd1-0efa-11f0-aa85-9da3f8b98c63,1.0
164a1afe-e30f-11ef-8042-75dad709dc05,1.0
1663719d-e30f-11ef-8739-1907b95bafec,1.0
1686f0e8-e30f-11ef-8fbc-75fd7f8e6fd6,1.0
16914dec-e30f-11ef-88ca-53e63baa492d,1.0
169c37d8-96ee-11ef-a4c3-03f1ce35990a,1.0
16c2f68a-87af-11ee-b336-a34456479055,1.0
16d36a8b-e30f-11ef-b7be-75dad709dc05,1.0
16d49946-e30f-11ef-b3ae-7968c04787cf,2.0
16d7f2cf-0efa-11f0-8cbe-d92529bdac93,1.0
16daf230-1ecf-11ef-ba6b-7d5eb7451868,1.0
1738402a-a66d-11ee-b60f-69873a0f8636,1.0
17561989-e30f-11ef-be5f-3990e056a77e,1.0
17717014-96ee-11ef-ad92-b191aee5103c,1.0
17838245-0efa-11f0-8482-cb18a4e9a023,1.0
1783d7f5-0efa-11f0-8151-ff80bd582d87,1.0
178cd69a-96ee-11ef-85e3-b191aee5103c,1.0
17a42d70-0efa-11f0-b8de-271d53d8ca8f,1.0
17ad6698-0efa-11f0-a1b0-373fbdac6a1e,2.0
17b394c2-87af-11ee-a021-7f241295132f,1.0
17b54f96-d9a1-11ef-a7a4-514262dd5ec1,1.0
17c0af01-e30f-11ef-a622-6717a8fede92,1.0
17c8342c-0efa-11f0-bcaf-b9d94b634bb1,1.0
17dfcafe-e30f-11ef-b54c-875e0467dc43,2.0
18010133-e30f-11ef-a1e0-17dd272319b9,1.0
18115fc8-0efa-11f0-9fac-271d53d8ca8f,1.0
1821dc09-96ee-11ef-a83e-73008ac362d7,1.5
18239500-87b0-11ee-ad32-91d0ff8c2ae8,1.0
1823bf7d-e30f-11ef-8a48-4b290f2bd34d,1.0
1824c2c5-e30f-11ef-a053-7968c04787cf,1.0
182e25b5-0efa-11f0-a660-19f8c27908e1,1.0
185255b4-d9a1-11ef-8bac-579107f162c5,1.0
185c677e-87af-11ee-8db3-1196eebe7cfc,1.0
186b4e8f-e138-11ee-91d8-77caa320e264,1.6666666666666667
18724d17-0efa-11f0-9296-b9d94b634bb1,1.0
188130ab-96ee-11ef-9d67-d16415050836,1.0
188ab6e6-e30f-11ef-a2df-75fd7f8e6fd6,3.0
188b64f9-96ee-11ef-b98a-0deadceb4de1,1.0
18a93107-d9a1-11ef-9f47-a357ab374df0,1.0
18bbfc2f-0efa-11f0-b1fa-a12967a056e9,1.0
18bed552-87af-11ee-b900-23bd046534df,1.0
18c96d8e-d9a1-11ef-94a1-3d200eba2856,1.0
18f292d4-96ee-11ef-89ed-cb4458158ba7,1.0
1909e712-896b-11ee-980e-1d94b3470d92,1.0
191529b2-e30f-11ef-9bb8-ddf103a8910a,1.0
1931b8c1-96ee-11ef-83f6-3bf10093c5a9,1.5
1933ec2f-d9a1-11ef-83a9-514262dd5ec1,1.0
19574239-d9a1-11ef-8dcf-dbcc41162252,1.0
195abbae-d9a1-11ef-86df-5d6869391c47,1.0
195e1638-a66d-11ee-ba5d-ad517d50dbb5,1.0
197708ed-d9a1-11ef-9029-27556e249c09,1.0
19a18cc5-a66d-11ee-9ad3-ad517d50dbb5,1.0
19a36a39-96ee-11ef-bb60-976d2563cf46,1.25
19baf24d-96ee-11ef-9c37-0506a06238b1,1.0
19bdd32d-96ee-11ef-8209-650a730f9228,1.0
19c741d1-d9a1-11ef-8152-a357ab374df0,1.0
19c90186-d9a1-11ef-a3eb-e9ffa1360de8,1.0
19fad792-e30f-11ef-8d0f-afe2c67a34d7,1.0
1a01fc5f-d9a1-11ef-aa2a-0b90bfd97c80,1.0
1a1c9197-96ee-11ef-bc40-d16415050836,1.0
1a2389af-a66d-11ee-a832-df30636768b6,1.0
1a242bce-e30f-11ef-b513-17dd272319b9,1.0
1a3e06bb-e30f-11ef-bf7f-1907b95bafec,1.5
1a456a1d-d9a1-11ef-a1d3-3d200eba2856,1.0
1a610491-e30f-11ef-bcf6-17dd272319b9,1.0
1a6bece0-e30f-11ef-b21c-5b27906d682a,1.0
1a7d6147-96ee-11ef-b791-d16415050836,1.0
1abbf4b0-96ee-11ef-b37f-976d2563cf46,1.0
1ac74645-e30f-11ef-b2c5-b5f1f56dd164,1.0
1acc33f2-87af-11ee-93ec-f15634ef6b75,1.0
1b224a7e-e30f-11ef-835c-875e0467dc43,1.5
1b22c3d0-e30f-11ef-a992-afe2c67a34d7,1.0
1b22e35d-e30f-11ef-a351-7968c04787cf,1.0
1b6205d3-e30f-11ef-bb30-7968c04787cf,1.0
1b63ce06-e30f-11ef-8118-2967956e1029,1.0
1b73c820-a66d-11ee-9503-af9b495c0d41,1.25
1b7dcb43-96ee-11ef-8089-ab9878b42587,1.0
1b9b1350-e30f-11ef-bf50-2967956e1029,1.0
1b9e9c2d-96ee-11ef-9616-0506a06238b1,1.0
1ba6130f-e30f-11ef-8124-875e0467dc43,1.0
1c7be732-4601-11ef-b676-f76a74ddb3bb,1.0
1c8c0d98-87af-11ee-9605-f30dd2de4340,1.0
1cc32b54-4601-11ef-b321-f76a74ddb3bb,1.0
1d1c032d-96ee-11ef-af15-3d2269521b56,1.0
1d47bd8a-2768-11f0-85b2-8522cfa3d34e,1.0
1d6f251a-4601-11ef-a8fa-6db31f2c18ab,1.0
1d7aa247-96ee-11ef-beed-77c9d4dd9b76,1.0
1d943c28-7da9-11ef-b34b-ef64decc1f63,1.0
1df6d0a1-4601-11ef-9be7-ed5834d1c7d6,1.0
1dfbd347-96ee-11ef-a3e6-77c9d4dd9b76,1.0
1e0f4f68-87b0-11ee-b22d-c14a6c4c1780,1.0
1e2e8b15-87af-11ee-8831-7f241295132f,1.0
1e30333a-a66d-11ee-b305-d5c89324515c,1.0
1e3f4dae-a66d-11ee-b910-51789c1c0968,1.0
1e42fc8d-96ee-11ef-b745-77c9d4dd9b76,1.0
1e625b6c-87b0-11ee-8dc0-0956827f7b84,1.0
1fbd4885-96ee-11ef-ae67-73008ac362d7,1.0
1fdae7d1-0599-11f0-a700-37f7508d1e80,1.0
200209a7-96ee-11ef-98f6-7f13ec4166d1,1.0
20678698-96ee-11ef-b198-6fe804336e99,1.0
20894787-0599-11f0-87a5-d91cb73b0154,1.0
208b75ad-96ee-11ef-8518-bb5ff0c900eb,1.0
20a30824-0599-11f0-9bcd-3978417573b9,1.0
20ba129f-2768-11f0-ae7b-f36c8743c6cf,1.0
20c576b1-e5f3-11ee-b743-1ff3745570c5,1.5
20cbd4ba-87b0-11ee-96e8-f1f0e075a906,1.0
2148918b-edf9-11ef-be17-e51392634454,1.0
214c4a90-edf9-11ef-9183-f7ac6ef6659b,1.0
21628c4b-0599-11f0-96d8-8dbbeeef179b,1.0
216480c2-37dc-11ef-bc03-db9219e3d002,1.0
2165f6ec-edf9-11ef-a5aa-7d9b20265de2,1.0
216f9ec7-e5f3-11ee-bec3-c52977807b83,2.0
218c2678-96ee-11ef-b978-3d2269521b56,1.0
218cbed6-edf9-11ef-927d-f72927add136,1.0
2190f491-edf9-11ef-baa0-f9c86a20c84e,1.0
21eb177c-c460-11ee-ad91-e37c57453b2e,1.0
221ee0a8-96ee-11ef-9341-c1b14134ca3f,1.5
22290d7e-edf9-11ef-a3f0-69eaa98c137f,1.0
222dccfd-e5f3-11ee-8784-09ede939551c,1.0
2273012d-edf9-11ef-b6bf-7d9b20265de2,1.0
2279f83e-edf9-11ef-b6c9-9b6e6ea2ec07,1.3333333333333333
228d38cd-37dc-11ef-8bce-ff923b6558ca,1.0
22b6d638-edf9-11ef-9816-13834bcdbcae,1.0
22b9dc77-edf9-11ef-bd26-7d9b20265de2,2.0
22db20b0-edf9-11ef-95da-b7b882427e3c,1.0
22dcbc4c-edf9-11ef-b120-13834bcdbcae,1.0
22f1ab7e-96ee-11ef-b2f2-cb4458158ba7,1.0
22fbdc1c-edf9-11ef-9e9c-13834bcdbcae,1.0
231323b1-96ee-11ef-9364-ab9878b42587,1.0
231c9191-edf9-11ef-87c1-b7b882427e3c,1.0
2335e4ce-96ee-11ef-a0da-ab9878b42587,1.0
2360a7ae-edf9-11ef-99d9-13834bcdbcae,1.0
236738f0-87af-11ee-90f2-ad67c4d84646,1.0
23820199-edf9-11ef-8a0c-7d9b20265de2,1.0
2398dc33-37dc-11ef-9efc-ff923b6558ca,1.0
239f93a2-edf9-11ef-b5a6-7d9b20265de2,1.0
239ff93b-37dc-11ef-a31b-b56746b1a683,1.0
23d80d98-96ee-11ef-806f-ab9878b42587,1.0
240c14de-c460-11ee-b4fd-73108008adba,1.2857142857142858
24600c81-edf9-11ef-b0bc-7d9b20265de2,1.5
2460bd2d-edf9-11ef-8f5e-e54889c2a75b,1.0
2462000c-96ee-11ef-bcb8-3d2269521b56,1.0
247b1677-2768-11f0-8435-97468c86956e,1.0
247f23e2-87b0-11ee-84c8-4f7e5bfd9230,2.0
24d3d383-87af-11ee-a6cb-ad67c4d84646,1.0
24dd38d3-c460-11ee-b513-4741119e4964,1.0
251c60d5-edf9-11ef-a6ea-5bad3b70d0c4,1.6666666666666667
2526e9b2-c460-11ee-97a4-a3e2cddd70f1,1.0
253a49bd-c460-11ee-adfc-b55ecb6ac947,1.0
25411237-96ee-11ef-883f-976d2563cf46,1.0
25636898-96ee-11ef-ad44-6fe804336e99,2.0
2564dc70-96ee-11ef-b4d6-77c9d4dd9b76,1.4761904761904763
25688be7-96ee-11ef-9c4f-976d2563cf46,1.0
258d5716-edf9-11ef-95e7-516e7418405f,1.0
259257b9-96ee-11ef-b05f-0506a06238b1,1.0
25b1deca-edf9-11ef-87ec-5bad3b70d0c4,1.0
25d6b119-edf9-11ef-b88a-f9c86a20c84e,1.0
25f73046-96ee-11ef-86c8-ab9878b42587,2.0
25fbed27-edf9-11ef-87ec-9b6e6ea2ec07,2.0
25fbee44-edf9-11ef-9905-7d9b20265de2,1.0
2620bcad-edf9-11ef-ae3f-516e7418405f,1.0
262964c8-2768-11f0-aa50-6bfde5a39a3b,1.0
263a25b0-edf9-11ef-9bcd-930bff8f3a84,1.0
263ae5e0-87af-11ee-bd36-c7194e2b053a,2.0
264577ca-edf9-11ef-b0e0-f9c86a20c84e,1.0
2655fdbe-96ee-11ef-b495-77c9d4dd9b76,1.0
26694cd9-edf9-11ef-9fed-e51392634454,1.0
266d6545-edf9-11ef-9a3d-e54889c2a75b,1.0
2677e0ce-87b0-11ee-b77b-b7631fc4454a,1.0
268fb7b5-edf9-11ef-9982-3d673af9f2cf,2.0
26b862c8-edf9-11ef-bc48-930bff8f3a84,1.0
26e50852-87af-11ee-a79a-53c5162f89cb,1.0
2700410c-edf9-11ef-b86f-7d9b20265de2,1.0
2745a6e0-edf9-11ef-bdba-d53b980f1141,1.0
27728da8-edf9-11ef-9506-9b6e6ea2ec07,1.0
27769087-96ee-11ef-ad47-976d2563cf46,1.0
27b8843f-edf9-11ef-bd44-b5b8ac1659df,1.0
27bebc5a-edf9-11ef-80c2-b5b8ac1659df,1.0
27c978d7-87b0-11ee-9f44-8540968a4aab,1.0
27e2de72-c076-11ee-9a3c-4f711e92a2e2,1.0
27e4260c-edf9-11ef-b2cd-f72927add136,1.0
27e5257a-edf9-11ef-866a-e51392634454,1.5
28513fa3-edf9-11ef-b287-f72927add136,1.5
28777a31-edf9-11ef-8672-7d9b20265de2,1.0
289cead2-edf9-11ef-81df-cf930d6dd3d0,1.0
28ab4649-87b0-11ee-acc3-2b1d0885071f,1.0
28c4b339-edf9-11ef-83de-69a4e232a2a8,2.0
28d5c54e-96ee-11ef-bc21-7f13ec4166d1,1.0
28fa49ab-87b0-11ee-a4af-8540968a4aab,1.0
290ffa64-edf9-11ef-b992-67660d934615,1.0
29141fdd-edf9-11ef-b1ce-7d9b20265de2,1.0
293db25f-96ee-11ef-9d79-ab9878b42587,1.0
295bee52-edf9-11ef-8893-7313a456c1ff,1.0
29a5f8c3-edf9-11ef-aa88-3955af1868fd,1.0
29a8c05a-edf9-11ef-8bd2-69a4e232a2a8,1.0
29bac6f3-96ee-11ef-9d06-0506a06238b1,1.0
29bfba41-87af-11ee-a607-ad67c4d84646,1.0
29f0f228-edf9-11ef-9529-69a4e232a2a8,1.0
29f5499f-4f90-11ef-822f-b94becfaa418,2.0
29f64241-edf9-11ef-bcd4-b5b8ac1659df,2.0
2a25b28f-87af-11ee-81a6-e9621c3afa30,1.0
2a2ef9b2-96ee-11ef-ba43-cb4458158ba7,1.0
2a3c86d0-edf9-11ef-aa44-7313a456c1ff,1.0
2a3cae16-edf9-11ef-a80c-b5b8ac1659df,1.0
2a70c472-96ee-11ef-b8d7-0506a06238b1,1.0
2a881a27-87af-11ee-b6c3-9de8ebbd66f9,1.0
2a8c09b9-8eb7-11ee-9f10-7112f0e40057,2.0
2aad528c-edf9-11ef-b1a0-4d6da9ecb0c1,1.0
2ab466d7-8eb7-11ee-9ad4-976e384c2616,1.0
2ac6b54e-87af-11ee-9efc-570c46a73669,1.0
2ad42b06-87b0-11ee-8793-0dd8179c66f3,1.0
2ae915c3-96ee-11ef-9774-0506a06238b1,1.0
2b1a1cdd-edf9-11ef-96be-7d9b20265de2,1.0
2b1a85c6-edf9-11ef-8735-e1bd546932f5,2.0
2b1bb4b1-edf9-11ef-92ed-69397a5c9d11,1.0
2b24abbd-87af-11ee-95a0-9de8ebbd66f9,2.0
2b296b31-87af-11ee-8d27-570c46a73669,1.0
2b3d0cc8-5cab-11ee-8a66-f7f896aaadf7,2.0
2b48208e-96ee-11ef-8145-0506a06238b1,1.0
2b4faba8-edf9-11ef-8be4-4d6da9ecb0c1,1.0
2b639053-d284-11ee-a3c6-693ae6f99502,1.0
2b6d5acb-edf9-11ef-a73a-69397a5c9d11,1.0
2b8ce2b2-d679-11ee-a652-950aa417256a,1.0
2b91af61-d679-11ee-90fd-c3b94ed791fd,1.0
2bd1e1ff-504e-11ef-831a-c3a358f10b1b,1.0
2bfcbe49-96ee-11ef-8c4e-bb5ff0c900eb,1.0
2c1bfcdd-96ee-11ef-8442-3d2269521b56,1.0
2c2b1195-edf9-11ef-a389-cf930d6dd3d0,1.0
2c31bdf3-d284-11ee-aa76-6bf879700666,1.0
2c339ed8-d284-11ee-88e7-cb9dde88a9c8,1.0
2c3f83fe-87b0-11ee-8da6-bbaf86afe6b6,1.0
2c42778e-d4e1-11ee-b15f-5f775879289f,1.0
2c744209-edf9-11ef-b110-f72927add136,1.0
2c937629-87b0-11ee-8839-2b1d0885071f,2.0
2c96fb4a-d284-11ee-b67b-37736c650107,1.0
2c9d87c6-edf9-11ef-ade0-d53b980f1141,1.0
2cc0f30e-edf9-11ef-8f37-e51392634454,1.0
2ce71f61-edf9-11ef-bd6b-9b6e6ea2ec07,1.0
2cf1c967-87af-11ee-b8bb-1196eebe7cfc,1.2857142857142858
2d10d27f-e88f-11ef-b19a-3348ec9c5bac,1.0
2d170277-e88f-11ef-bf9b-4daaa2e7cddd,1.0
2d171b39-87af-11ee-9e9d-e383dbaa74d1,1.0
2d1b7de7-96ee-11ef-8c42-0506a06238b1,1.0
2d33c94e-edf9-11ef-8555-69a4e232a2a8,1.25
2d3b03ed-e88f-11ef-8ace-292a21f604f4,1.0
2d587fd8-edf9-11ef-9d96-cf930d6dd3d0,1.0
2d846144-e88f-11ef-be40-73567ee18e8f,1.0
2d9dffc1-96ee-11ef-bb92-ab9878b42587,1.0
2da82376-edf9-11ef-9110-f7ac6ef6659b,1.0
2dac434b-e88f-11ef-8df1-93c43c88a150,1.0
2db05014-edf9-11ef-b6b3-4d6da9ecb0c1,1.0
2dd75864-e88f-11ef-a23b-73567ee18e8f,1.0
2dd96033-d4e1-11ee-a1cb-85b4a2d96a7f,1.0
2df2e3f6-edf9-11ef-b0f1-9b6e6ea2ec07,1.0
2df6aa65-87b0-11ee-9d2e-37a3308de0be,1.0
2e0f5b55-dd59-11ee-b2cd-a7644dba7f23,1.0
2e18f7d2-e88f-11ef-93d6-a741268999a6,1.0
2e1aa9a4-e88f-11ef-bd0a-73567ee18e8f,2.0
2e3cf1e8-e88f-11ef-a88b-93c43c88a150,1.0
2e3f7294-edf9-11ef-baaa-f7ac6ef6659b,1.3333333333333333
2e4049ea-e88f-11ef-a5a3-99765e4fe29f,1.0
2e415821-edf9-11ef-b8c0-27b3f68b7afa,1.5
2e5eb579-d679-11ee-8855-31b4de29352f,1.0
2e62d628-e88f-11ef-8e4f-a741268999a6,1.0
2e6431ef-edf9-11ef-85a1-27b3f68b7afa,1.0
2e6b1368-d4e1-11ee-aa77-e9338261a59f,1.0
2e773205-d4e1-11ee-ab36-7102011e42a4,1.0
2e866ca6-e88f-11ef-8a10-99765e4fe29f,1.0
2ea35cd7-96ee-11ef-adfd-bb5ff0c900eb,1.0
2eb9fe70-edf9-11ef-8959-27b3f68b7afa,1.0
2ecd0806-96ee-11ef-a3c7-c1b14134ca3f,1.0
2ef1fd18-d4e1-11ee-9aa1-ad3e7ca2bf63,1.5
2f03836d-edf9-11ef-b2c4-27b3f68b7afa,1.5
2f19f5f2-d284-11ee-9851-cd792345efdb,1.0
2f1a5eeb-96ee-11ef-8ec5-c1b14134ca3f,1.0
2f1c28cf-dd59-11ee-bc01-6bd16524c482,1.0
2f258cc3-edf9-11ef-9e09-d53b980f1141,1.5
2f3164d1-d4e1-11ee-998d-7102011e42a4,1.0
2f4c0921-87b0-11ee-b75d-9de8ebbd66f9,1.0
2f5cf3d1-d284-11ee-8e85-05951e0fe6ee,1.0
2f740ca2-87b0-11ee-8ed5-df322f0f3510,1.0
2f9a6876-0d6d-11ef-bf77-571373193177,1.0
2faa341c-d284-11ee-9fcf-3bf7ba39a171,1.0
2fab372b-df21-11ef-ade0-f528e0f9b4e1,1.0
2faca0b9-96ee-11ef-aeea-0deadceb4de1,1.0
2fb68c00-0d6d-11ef-8960-89849b74f96a,2.0
2fc99927-08b6-11ef-b029-51dd1b17511b,1.0
2fcf9399-87af-11ee-b355-0956827f7b84,1.0
2fd689c6-08b6-11ef-8749-51dd1b17511b,1.0
2fd77d66-d4e1-11ee-be6b-e9338261a59f,1.0
2fea3f32-e88f-11ef-8dc6-a741268999a6,1.0
2febcc71-08b6-11ef-9bc3-63d0f03a8047,1.8333333333333333
2fec5fa0-e88f-11ef-8b5a-3348ec9c5bac,3.0
3006c35c-edf9-11ef-8091-e97a35e3e4d9,1.0
300c1eb1-edf9-11ef-83fe-eb1b9fa18b07,1.5
301407ae-96ee-11ef-85e3-6fe804336e99,1.0
301762ef-96ee-11ef-92a9-ab9878b42587,1.0
301a5147-08b6-11ef-858b-51dd1b17511b,1.0
302921fa-1224-11ef-a52f-fb5497c7d03c,1.0
3033c4a7-e88f-11ef-ba98-3348ec9c5bac,1.0
30515aa8-edf9-11ef-a8d4-930bff8f3a84,1.0
30569e6a-df21-11ef-85c4-a9b26c2baa07,1.0
30718992-edf9-11ef-8bbb-9b6e6ea2ec07,1.0
307bcabc-d4e1-11ee-affc-51dee86bb1ce,1.0
3086d7d9-e88f-11ef-b04e-f314e81a728f,1.0
309c8237-e88f-11ef-8516-f314e81a728f,1.0
309f885b-0593-11f0-8968-97943c8e8104,1.0
30b3939d-0d6d-11ef-bae2-631a1f54c1e0,1.0
30b9cc55-edf9-11ef-a599-9b6e6ea2ec07,1.0
30bced88-edf9-11ef-ae1b-f7ac6ef6659b,1.0
30c686d1-0593-11f0-adee-974e8a2b0a45,1.0
30ceb5ec-0d6d-11ef-a0f9-596e6f7c7307,1.0
30d82f4c-1224-11ef-ae31-5ffc0b870167,1.0
30deb4cf-1224-11ef-8efc-5dad93e718fe,1.0
30df5c24-96ee-11ef-b860-0506a06238b1,1.0
30e03ab7-df21-11ef-a764-a9b26c2baa07,1.0
3106ac65-edf9-11ef-ab1f-27b3f68b7afa,1.3333333333333333
31071bf9-edf9-11ef-9180-eb1b9fa18b07,1.0
3108db6a-08b6-11ef-9351-fd6c9f616d98,1.0
3119c13b-e88f-11ef-95cd-3348ec9c5bac,1.0
312ea401-0593-11f0-972a-974e8a2b0a45,1.5
31353dd2-08b6-11ef-825a-c10c2a8c31b0,1.0
314b54e2-96ee-11ef-b4e6-77c9d4dd9b76,1.0
3170e7b2-0593-11f0-926c-f334661aa5f2,1.0
3174c00e-edf9-11ef-b2e6-9b6e6ea2ec07,1.0
318b2b68-e88f-11ef-949e-3348ec9c5bac,1.4
318d3ad3-e88f-11ef-a6d3-7d3366484edb,1.0
318ed630-0593-11f0-b8b4-974e8a2b0a45,1.0
318f0842-df21-11ef-9405-f528e0f9b4e1,1.0
319cc0a9-edf9-11ef-8936-f7ac6ef6659b,1.0
31ade659-0593-11f0-b9ab-f334661aa5f2,1.0
31aefa29-87af-11ee-b8a9-f15634ef6b75,1.0
31b02368-0fb2-11f0-a657-4dbad88b522d,1.0
31b6f128-1224-11ef-b215-3fc3ffef1b4b,2.0
31cd0274-1224-11ef-a9de-f529ed8f2539,1.5
31d2586b-df21-11ef-a9c1-35c108d1d962,1.0
31d9b047-0fb2-11f0-8655-a79ebff46488,2.0
31e2165c-edf9-11ef-8b53-cf930d6dd3d0,1.0
31edaaa1-7aac-11ef-9653-bb3a31c36637,1.0
31f5c0bb-df21-11ef-bad1-7d655228c349,1.3333333333333333
31fc52a3-e88f-11ef-9c7c-292a21f604f4,1.0
3213e7f4-d284-11ee-87b0-37736c650107,1.0
321a697e-df21-11ef-a2c6-213f1ed41839,1.0
321c6d20-0593-11f0-88d2-97943c8e8104,1.0
321e8ca8-e88f-11ef-8b87-73567ee18e8f,1.5
321f6b59-e88f-11ef-aa32-7f86bd1a30e5,1.0
32261bf4-e88f-11ef-a66f-e30a54920aa4,1.0
322c43d2-96ee-11ef-844a-0deadceb4de1,1.0
3246a0bb-e88f-11ef-a25d-a741268999a6,1.0
325215a2-edf9-11ef-9381-9b6e6ea2ec07,1.0
32542f5d-df21-11ef-a53e-213f1ed41839,1.0
325c7242-df21-11ef-903c-83d93b3f3a0a,1.0
326fcfde-7aac-11ef-8fa0-7dde8d26b21e,1.5
3275ff37-edf9-11ef-b6fb-b7a044066491,1.0
327bdcc5-edf9-11ef-adec-eb1b9fa18b07,1.0
32aa0447-0593-11f0-bd97-c5fb62efa031,2.0
32c5c304-87b0-11ee-aca2-f5f3912334d5,1.0
32d562cd-0593-11f0-b54d-974e8a2b0a45,1.0
32db58a7-df21-11ef-a73d-4feeabfb60fa,1.0
32e45ccd-87af-11ee-9ca4-7f241295132f,1.0
32f49c0c-0593-11f0-9747-974e8a2b0a45,1.0
3300dd66-e88f-11ef-9aee-2fa2b8eb8941,1.0
33022cfa-e88f-11ef-a7c9-f3ef9c19d426,1.0
332518d3-e88f-11ef-b4ce-2fa2b8eb8941,1.0
332f03f6-df21-11ef-86ce-d933b316e436,1.0
333b1ee3-d284-11ee-89f1-2f43c3fcd499,1.3333333333333333
335da7d1-edf9-11ef-8729-67660d934615,1.0
336644eb-0593-11f0-bc8f-f334661aa5f2,1.75
336bc688-dc7f-11ee-8b17-81f500f5da43,1.0
3370d4ff-e88f-11ef-97e5-2fa2b8eb8941,1.0
33805557-0593-11f0-b7aa-1d5e0f1f85c6,1.0
3380c802-0593-11f0-9838-97943c8e8104,1.0
33890eeb-0593-11f0-92e8-1d5e0f1f85c6,1.0
3391805b-e88f-11ef-a0f1-73567ee18e8f,2.0
33983416-df21-11ef-9c05-d933b316e436,1.5
33992cd0-e88f-11ef-9972-b569de96aee3,1.0
33a0f005-edf9-11ef-967d-091eeb8ac175,1.0
33a2660b-0593-11f0-8594-1d5e0f1f85c6,1.0
33a482bf-0593-11f0-84b3-97943c8e8104,1.0
33b444a9-df21-11ef-a851-213f1ed41839,1.0
33b4c940-df21-11ef-972b-d933b316e436,1.0
33d1627a-edf9-11ef-9d7e-27b3f68b7afa,1.0
33d7e59f-e88f-11ef-b39b-4daaa2e7cddd,1.0
33e12d41-df21-11ef-be55-edfa97b8455c,1.0
33e71a07-df21-11ef-a0d0-b59f053f10e1,1.0
34087953-0593-11f0-860e-1d5e0f1f85c6,1.0
3409410d-0593-11f0-9b9f-97943c8e8104,1.0
3416e753-6f50-11ee-b16e-01eefb6e433a,1.0
3425bcf2-edf9-11ef-995e-9b6e6ea2ec07,1.0
3428f7dc-0593-11f0-a3af-c5fb62efa031,1.0
342cd0d9-e88f-11ef-9b09-a5abd5f5f900,1.0
343db12d-87af-11ee-a2ba-f30dd2de4340,1.0
344b5acb-edf9-11ef-9d9f-27b3f68b7afa,1.0
344fd031-e88f-11ef-87ac-f314e81a728f,1.0
345a1347-87b0-11ee-8265-f5f3912334d5,4.0
345d2a9f-df21-11ef-83c1-c95e1ad2e50d,1.0
34718df1-87af-11ee-85d0-7f241295132f,1.0
347784d2-edf9-11ef-8789-41e3c39f22a0,1.0
34979c0f-e88f-11ef-b6cf-b569de96aee3,1.0
349b9cb8-edf9-11ef-acf5-67660d934615,1.0
34a4f143-edf9-11ef-a1ae-b7a044066491,1.0
34b8672f-df21-11ef-b7f1-a767bc0c5577,1.0
34cc5eee-0593-11f0-ae9d-f334661aa5f2,1.0
34e09535-e88f-11ef-af16-b569de96aee3,1.5
34e62e09-87b0-11ee-b5a5-3fda0428ff79,1.0
34e75f06-df21-11ef-9b31-b59f053f10e1,1.0
35060ab0-b960-11ee-b12d-0946a564588c,1.0
350612c3-e88f-11ef-9d65-a5abd5f5f900,1.0
351521d9-d4e1-11ee-836c-9baaf5210b6b,1.0
351ad8de-0593-11f0-8729-97943c8e8104,1.0
351f5e65-87af-11ee-a0c2-7f241295132f,1.0
3530c1fc-edf9-11ef-b52e-cf930d6dd3d0,1.0
354e75cb-e88f-11ef-9599-f314e81a728f,1.0
355b1e4a-0593-11f0-baa6-97943c8e8104,1.0
356e16e0-df21-11ef-8fb2-35c108d1d962,1.5
357c3ac1-87b0-11ee-a8da-c14a6c4c1780,1.0
357f88ce-d4e1-11ee-b98b-1b1cc87337f4,1.0
3588db22-e88f-11ef-bedf-3348ec9c5bac,1.4
3589e7ce-e88f-11ef-8b7b-a741268999a6,1.5
358dd882-edf9-11ef-813f-3955af1868fd,1.3333333333333333
3596cd4c-df21-11ef-9538-abc984e886c1,1.0
3598231a-b960-11ee-8e1d-332b54099815,1.0
359b3a66-d4e1-11ee-be90-ad3e7ca2bf63,1.0
359ce23a-0593-11f0-a581-297d99cd6d3f,1.0
35a20f8b-87b0-11ee-beb1-c7194e2b053a,1.5
35b28839-e88f-11ef-b0f0-2fa2b8eb8941,1.0
35b28c36-0593-11f0-bc96-1d5e0f1f85c6,1.0
35cd84af-edf9-11ef-bfcc-cf930d6dd3d0,1.0
35cff70a-0593-11f0-8cb4-1d5e0f1f85c6,1.0
35dea7a4-b960-11ee-967a-ebbcca50b0d1,1.0
35ff3828-df21-11ef-bdd6-35c108d1d962,1.0
3601ae1b-df21-11ef-af33-472ce894232d,1.0
360418ff-2123-11f0-a22c-49466416b91b,1.0
3627c320-87af-11ee-bff5-d7acbb0efe09,1.0
3638e807-d4e1-11ee-9f62-85b4a2d96a7f,1.0
363a06e3-0593-11f0-878f-297d99cd6d3f,1.0
36445440-87af-11ee-b712-df75cd34e5a4,1.0
364db015-edf9-11ef-b3ec-3955af1868fd,1.6666666666666667
365bb7f7-df21-11ef-9a16-4feeabfb60fa,1.5
365e4fb1-d4e1-11ee-a20b-ddf635a098af,1.0
365fa238-0593-11f0-9c7b-c5fb62efa031,1.0
3666f019-87af-11ee-a50e-b7631fc4454a,1.0
367cff09-0593-11f0-bd8e-97943c8e8104,1.0
367dd780-0593-11f0-9f49-297d99cd6d3f,1.5
36860d7d-edf9-11ef-9640-cf930d6dd3d0,1.0
368861ee-edf9-11ef-8dee-41e3c39f22a0,1.0
36b629d2-e88f-11ef-9fcf-3348ec9c5bac,1.0
36b7b67b-edf9-11ef-84fb-41e3c39f22a0,1.0
36c53448-0593-11f0-80a2-297d99cd6d3f,1.0
36c64531-0593-11f0-8dcf-c5fb62efa031,1.0
36daf946-edf9-11ef-b2de-27b3f68b7afa,1.0
36e16e1e-e88f-11ef-b774-b569de96aee3,1.0
36eaf071-0593-11f0-a872-c5fb62efa031,2.0
36edf4f4-87af-11ee-a8b5-3314279aa0cf,2.5
3704d197-e88f-11ef-a920-7912cedce8f5,1.0
370691a8-edf9-11ef-a68a-3955af1868fd,1.0
3709b852-0593-11f0-91b5-f334661aa5f2,3.0
37258c6d-2123-11f0-b926-2b6cd117d108,1.0
372c53e2-87af-11ee-85d5-4dde824d3e04,1.0
37379bf2-df21-11ef-b862-3ddce4ecfd1f,1.0
374c5bec-edf9-11ef-add6-3955af1868fd,1.0
37629774-b960-11ee-ad8b-ebbcca50b0d1,1.0
376d1ce5-87b0-11ee-9aaa-5f9322fa68ca,1.0
3773cc2a-e88f-11ef-93a5-73567ee18e8f,1.0
377b1044-e88f-11ef-a712-959c66a8766f,1.0
377e7309-0593-11f0-9166-f334661aa5f2,1.0
377ea4ad-0593-11f0-8394-297d99cd6d3f,1.0
3783f972-df21-11ef-b6c5-ddf272f25e9e,1.2
37a7f0d1-e88f-11ef-af07-a5abd5f5f900,1.0
37b130e3-df21-11ef-a689-f528e0f9b4e1,1.5
37b318ce-b960-11ee-a3e0-990bf6e07995,1.0
37b8a530-edf9-11ef-a189-27b3f68b7afa,1.0
37bb90f3-edf9-11ef-872f-cf930d6dd3d0,1.0
37bb983a-edf9-11ef-abf6-3955af1868fd,1.0
37c6119a-e88f-11ef-a0c5-73567ee18e8f,1.0
37f41347-e88f-11ef-a2f7-bf1ae9272d3d,1.0
3809a011-edf9-11ef-97ab-7313a456c1ff,1.0
38115023-e88f-11ef-9aa7-f3ef9c19d426,1.0
382895bf-edf9-11ef-a5a7-e1bd546932f5,1.0
3828a67b-edf9-11ef-bf39-69a4e232a2a8,1.0
382aceec-0593-11f0-b628-297d99cd6d3f,1.0
38300451-0593-11f0-bcb4-f334661aa5f2,1.0
38335503-df21-11ef-b1d6-d73dcc32d406,2.0
385bd805-df21-11ef-9b58-a9b26c2baa07,1.0
38800e41-edf9-11ef-9a90-930bff8f3a84,1.0
3880d047-c9d9-11ee-81ed-13cfff1afe19,1.0
3884353b-e88f-11ef-ab36-f3ef9c19d426,1.0
388b98a0-0593-11f0-99f5-97943c8e8104,1.75
38aabdf2-edf9-11ef-8d9f-41e3c39f22a0,1.0
38ba0eef-df21-11ef-86d0-d73dcc32d406,3.0
38bee073-df21-11ef-a21e-219a3cda92ae,1.0
38d1df5e-e88f-11ef-bf24-73567ee18e8f,1.0
38d9ba5d-df21-11ef-86ad-edfa97b8455c,1.0
38d9f497-df21-11ef-8cf7-a9b26c2baa07,5.0
38f34561-e88f-11ef-8163-ab10aa310123,1.0
38f5047c-edf9-11ef-8477-e51392634454,1.0
38ff76a1-87b0-11ee-8c21-e9621c3afa30,1.4444444444444444
391249c3-df21-11ef-99f6-b59f053f10e1,1.0
392e5967-0593-11f0-b329-297d99cd6d3f,1.0
39311671-87b0-11ee-b209-33f3de93faa9,1.8571428571428572
3959551c-0593-11f0-adf2-c5fb62efa031,1.0
395a3789-c9d9-11ee-ba6e-efd8acad58e4,2.0
3989b728-df21-11ef-a84b-a9b26c2baa07,1.0
399203d6-edf9-11ef-bc52-4d6da9ecb0c1,1.0
39a98293-edf9-11ef-8266-f7ac6ef6659b,1.0
39d009f8-edf9-11ef-98b8-b7a044066491,1.0
39d0d219-edf9-11ef-9236-f72927add136,1.0
39e3eeeb-87af-11ee-9eba-d324eef62dde,1.0
39e48146-0593-11f0-ae8c-297d99cd6d3f,1.1666666666666667
3a0cd2f4-c9d9-11ee-9d54-9fe14c8a3cde,1.0
3a0d5fdc-e88f-11ef-b648-f3ef9c19d426,1.0
3a1ac641-edf9-11ef-8a29-7313a456c1ff,1.0
3a1bd9bd-df21-11ef-b3db-a9b26c2baa07,1.0
3a1e86c1-0593-11f0-81fd-297d99cd6d3f,1.0
3a3f9b9e-0593-11f0-8fa4-c5fb62efa031,1.0
3a605267-0593-11f0-9e88-c5fb62efa031,1.0
3a62617a-0593-11f0-b687-f334661aa5f2,1.0
3a6ef45d-e88f-11ef-aaed-ab10aa310123,1.0
3a7a4041-d4e1-11ee-9fb5-ad3e7ca2bf63,1.0
3a831c76-0593-11f0-9159-97943c8e8104,1.0
3a83bd87-df21-11ef-a5af-17c1d7534ffa,1.0
3a9bae2b-e88f-11ef-a2ea-f314e81a728f,1.0
3acc0983-e88f-11ef-a006-a5abd5f5f900,1.3333333333333333
3ad5394f-edf9-11ef-896b-f72927add136,1.0
3ad9d11c-edf9-11ef-bc9b-e97a35e3e4d9,1.0
3ae5063a-e88f-11ef-bd01-a5abd5f5f900,1.6666666666666667
3aef3cd0-0593-11f0-8a87-97943c8e8104,1.0
3af18e54-eade-11ee-a1aa-e3c214d5e1e2,1.0
3afd00e9-87b0-11ee-af85-e383dbaa74d1,1.0
3b096680-e88f-11ef-bba1-e30a54920aa4,1.0
3b1eb220-edf9-11ef-b22a-b7b882427e3c,1.0
3b20e95c-edf9-11ef-8353-930bff8f3a84,1.0
3b2d150d-0593-11f0-b66b-f334661aa5f2,1.0
3b326909-df21-11ef-8991-f528e0f9b4e1,1.0
3b4c05bc-03f7-11f0-85e0-959c632a01c1,1.0
3b5196ba-0593-11f0-97c2-97943c8e8104,1.0
3b6a490a-03f7-11f0-ba4e-b1efa4c0a3db,1.0
3b758bc9-0593-11f0-b7d1-297d99cd6d3f,1.0
3b75c9cc-0593-11f0-95e4-97943c8e8104,1.0
3b78e4b0-87af-11ee-971e-df322f0f3510,1.0
3b8f1b43-df21-11ef-a04f-418fc03509b8,1.0
3b935cf3-edf9-11ef-97d3-b7a044066491,1.0
3bb15d4b-e88f-11ef-8639-73567ee18e8f,1.0
3bb3a2fa-df21-11ef-bdf1-3ddce4ecfd1f,1.0
3bb4616c-df21-11ef-9916-d73dcc32d406,1.0
3bb8ce9f-b960-11ee-b23d-ebbcca50b0d1,1.0
3bbf6419-0593-11f0-9d59-c5fb62efa031,1.0
3be50b7f-df21-11ef-9db3-213f1ed41839,1.0
3bfda8c6-03f7-11f0-bfc3-252d871844e8,1.0
3c15d70a-e88f-11ef-bf84-ab10aa310123,1.0
3c2c33e4-edf9-11ef-bb77-eb1b9fa18b07,1.0
3c3ccddc-87af-11ee-9dc9-498998d5fbc6,1.0
3c3d7c0d-e88f-11ef-85b6-4daaa2e7cddd,1.0
3c410924-e88f-11ef-a5e5-d55a96a4506c,1.0
3c4a702f-b960-11ee-b134-ffd252a0ee04,1.0
3c5ac5d5-0593-11f0-a56f-f334661aa5f2,2.0
3c6d1db9-edf9-11ef-bef0-f7ac6ef6659b,1.0
3c6d76f8-03f7-11f0-86ec-dfe871cae929,1.0
3c6f963a-87b0-11ee-999c-2b1d0885071f,1.0
3c8ccaef-e88f-11ef-8ed5-2fa2b8eb8941,1.0
3c8e9acd-87b0-11ee-9977-f15634ef6b75,1.0
3c95057e-edf9-11ef-8c6e-b7b882427e3c,1.0
3ca42996-0593-11f0-aedc-97943c8e8104,1.0
3ca7c779-03f7-11f0-a41d-e105e52421e4,2.0
3cafac34-b960-11ee-9996-a5c589be1893,1.5
3cb2ccc9-df21-11ef-b96e-a9b26c2baa07,1.0
3cbb8c2d-edf9-11ef-8d1c-b7a044066491,1.0
3cc4ae42-87ae-11ee-88c2-85e000f9cde0,1.0
3cc5563f-0593-11f0-8538-f334661aa5f2,1.0
3cd8df95-e88f-11ef-8a8f-b569de96aee3,1.0
3cd8e5f0-e88f-11ef-98db-73567ee18e8f,1.0
3cdbf30e-df21-11ef-9aa5-213f1ed41839,1.0
3cdc8fe4-edf9-11ef-8c80-b5b8ac1659df,1.6666666666666667
3cdd1e62-edf9-11ef-861f-cf930d6dd3d0,1.0
3ce369fc-df21-11ef-b036-d933b316e436,1.0
3d059ae1-e88f-11ef-84e2-5d13ada79fbd,1.0
3d229fef-dfe9-11ee-935c-e74cd2bd574c,1.0
3d27f503-edf9-11ef-bc7e-b7b882427e3c,1.0
3d310659-03f7-11f0-a5cd-252d871844e8,1.0
3d4db7fb-edf9-11ef-91d7-b5b8ac1659df,1.0
3d5dd55a-03f7-11f0-a3e2-f7a7be34a74a,2.0
3d7a8631-03f7-11f0-ba0e-f7a7be34a74a,1.0
3d81c65b-87af-11ee-91a0-df322f0f3510,1.0
3d874fbd-df21-11ef-bff8-4feeabfb60fa,1.0
3d97617e-edf9-11ef-9e11-9b6e6ea2ec07,1.0
3d98308b-e88f-11ef-9538-a5abd5f5f900,2.0
3d992379-eade-11ee-8eaa-e342a5e05f78,1.0
3d9c94ce-0593-11f0-a8f6-297d99cd6d3f,2.0
3dac5c1a-87ae-11ee-805c-d11edfb50e73,1.0
3dbe8b78-0593-11f0-b012-97943c8e8104,1.6666666666666667
3dc21229-edf9-11ef-b577-e1bd546932f5,1.0
3dda56cf-e88f-11ef-8172-5ff66ab90c67,1.0
3ddcb57d-df21-11ef-a8f3-a9b26c2baa07,1.0
3de5e0ef-edf9-11ef-9869-e1bd546932f5,1.0
3e0479ba-e88f-11ef-ba9c-3348ec9c5bac,1.0
3e314ca7-df21-11ef-97a3-c94e682e06e1,1.0
3e327f8e-0b0c-11f0-8bdc-8f703b898bbc,1.0
3e33f58c-87b0-11ee-bb95-f15634ef6b75,1.0
3e36a73b-03f7-11f0-8597-252d871844e8,1.0
3e375609-0b0c-11f0-8206-a19daa7ac5fb,2.1666666666666665
3e3a2901-edf9-11ef-9e23-930bff8f3a84,1.6
3e3bb09c-df21-11ef-89f4-35c108d1d962,1.0
3e68d08b-03f7-11f0-8f56-f7a7be34a74a,1.0
3e7c04fe-0b0c-11f0-996d-8f703b898bbc,1.0
3e9786d5-87ae-11ee-87c2-4950d880aa6b,1.0
3e990154-df21-11ef-8c53-c94e682e06e1,1.0
3e9ea907-dfe9-11ee-a930-e784f5ccf6ee,1.5
3ea420c2-edf9-11ef-80a1-e51392634454,1.0
3eb8a39f-0b0c-11f0-b649-516d8e99f8c0,1.0
3ecefaad-edf9-11ef-b153-07437d8b90b8,1.0
3eda60a6-0b0c-11f0-b449-bf7a39e96675,1.0
3ef490ae-df21-11ef-b688-472ce894232d,1.3333333333333333
3f0ff875-87af-11ee-9fad-673ff96890dd,1.0
3f1fe1d2-0b0c-11f0-af68-f957a4e5f75a,1.0
3f207eb4-0b0c-11f0-a388-176cf46edca7,1.0
3f46214d-0b0c-11f0-8e76-bf7a39e96675,1.0
3f471d13-e88f-11ef-8a73-7d3366484edb,1.0
3f4a72d5-0b0c-11f0-8efd-176cf46edca7,1.0
3f4f3af6-0593-11f0-aa59-c5fb62efa031,1.0
3f644eeb-0b0c-11f0-b023-459cfe20b154,1.3333333333333333
3f6b0261-e88f-11ef-b245-7f86bd1a30e5,1.0
3f6b264b-0b0c-11f0-ba98-f957a4e5f75a,1.0
3f7394f7-0593-11f0-83a3-97943c8e8104,1.0
3f76a9d3-87af-11ee-9541-33f3de93faa9,2.0
3f86c47c-0b0c-11f0-b351-49d81296d51e,1.0
3f9086bd-0593-11f0-b3a1-c5fb62efa031,1.0
3f93e3ee-87ae-11ee-84da-ed5dfbd1ecd4,1.0
3f9779ed-87ae-11ee-8761-85e000f9cde0,1.0
3f99da55-0593-11f0-95e8-f334661aa5f2,1.0
3fac4767-edf9-11ef-87e5-67660d934615,1.0
3fbbdc3f-0593-11f0-b790-ff139628680a,1.0
3fc6b232-df21-11ef-8593-edfa97b8455c,1.0
3fd7f9de-edf9-11ef-9ead-cf930d6dd3d0,1.0
3fec9936-87b0-11ee-96c5-f1f0e075a906,1.0
3ff0b7d0-df21-11ef-aa2f-219a3cda92ae,1.0
3ff0bb7e-0b0c-11f0-9d5f-11aa1eb0a626,1.0
40116a7e-e88f-11ef-a081-5ff66ab90c67,1.0
4026030a-e296-11ef-96ba-d9992f1acc9f,1.0
40268085-e88f-11ef-8581-93c43c88a150,1.0
402723c1-e88f-11ef-ae62-3348ec9c5bac,1.0
403edff5-0593-11f0-944c-d110290dc799,1.0
404dbaa6-e88f-11ef-9b09-d55a96a4506c,1.0
40606fbc-0593-11f0-a435-97943c8e8104,1.0
4077dda8-e88f-11ef-a265-1f193937a174,1.0
40995e28-87ae-11ee-b15b-e9621c3afa30,1.0
409a3326-e296-11ef-b44d-f7ead21a0684,1.0
409bf560-edf9-11ef-956a-b5b8ac1659df,1.0
40a2a537-87ae-11ee-b5fb-85e000f9cde0,1.0
40a5409f-0593-11f0-b6ac-ff139628680a,1.0
40c65fcf-0593-11f0-aa8c-297d99cd6d3f,1.0
40e6710b-87af-11ee-8c18-3dc176b9dc94,1.0
40f1ef9a-e88f-11ef-b871-3348ec9c5bac,1.0
40f1f5c8-e88f-11ef-8630-b569de96aee3,1.0
4104d5de-e245-11ee-a170-c57952e361fd,1.0
41171cdc-e88f-11ef-b3e7-b569de96aee3,1.0
4117411f-87b0-11ee-8f7f-f15634ef6b75,2.3333333333333335
41210dd9-0593-11f0-b5b8-1d5e0f1f85c6,1.0
413852f2-eade-11ee-ac9a-a7cac95a9217,1.0
41420bae-0593-11f0-a96f-297d99cd6d3f,1.0
4145346f-df21-11ef-93af-35c108d1d962,1.0
414fa6c0-e88f-11ef-8420-5ff66ab90c67,1.0
41614130-0593-11f0-9f81-f7178c760d21,1.0
417ac5f4-e88f-11ef-838c-1f193937a174,1.0
4186caf2-87b0-11ee-8d4f-d11edfb50e73,1.0
41995b8b-edf9-11ef-b32e-b5b8ac1659df,1.0
41a69a3d-87b0-11ee-8eaf-85e000f9cde0,1.0
41bc0dff-f486-11ef-9dec-2df6ab8c56b3,1.0
41cae692-0593-11f0-9c09-1d5e0f1f85c6,1.0
41e11b9a-e88f-11ef-a31c-5ff66ab90c67,1.0
41e9bf74-0593-11f0-b6d4-1d5e0f1f85c6,1.0
42071ce9-f486-11ef-8cb1-cffae2962a1b,1.0
42077622-f486-11ef-a637-bfe2df0d41ee,1.0
420bc0fd-e88f-11ef-8aca-5ff66ab90c67,2.0
420c66bf-edf9-11ef-9279-930bff8f3a84,1.0
420c7ad4-0593-11f0-9bb7-f7178c760d21,1.0
42340ff8-edf9-11ef-8d7f-7313a456c1ff,1.0
42439cb2-df21-11ef-b517-9bf886b0bae6,1.0
42513703-87ae-11ee-a1fe-53c5162f89cb,1.0
4251d291-87ae-11ee-9270-87446474c3d2,1.5
426fbdbd-87b0-11ee-8207-37a3308de0be,1.0
4273ee99-87ae-11ee-bacb-4950d880aa6b,1.0
4275631d-f486-11ef-b7f2-c90092d22111,1.0
4275d24f-e88f-11ef-af4c-99765e4fe29f,1.0
42777ad0-f486-11ef-8fab-350c3c7363a8,1.0
42783d53-df21-11ef-a521-091707f1bc20,1.0
429a4615-e88f-11ef-9be1-5ff66ab90c67,1.0
429a5cc6-e88f-11ef-9299-7f86bd1a30e5,1.5
42cdd898-edf9-11ef-858c-4d6da9ecb0c1,1.0
42cdf2ca-df21-11ef-8736-219a3cda92ae,1.0
42f743d9-87ae-11ee-84c8-bbe4872ed907,1.0
43073781-e88f-11ef-bae0-b569de96aee3,1.0
431bc7e7-dfe9-11ee-b1ba-71d0320ea340,2.0
431db710-87ae-11ee-85e7-bbe4872ed907,1.0
433f492f-87ae-11ee-a559-ed5dfbd1ecd4,1.0
4354ac3c-e88f-11ef-8746-b569de96aee3,1.6666666666666667
43605111-87ae-11ee-a355-dfee4fec3486,1.0
436909c7-87ae-11ee-80ee-4950d880aa6b,1.0
4379eaf2-edf9-11ef-96a8-4d6da9ecb0c1,1.0
438da839-2159-11f0-8935-efb7a6f25561,1.0
439aa169-87b0-11ee-afec-8b895acfa303,1.0
439ee732-edf9-11ef-aa42-4d6da9ecb0c1,1.0
43a2db26-edf9-11ef-9a95-9b6e6ea2ec07,1.0
43a4b0f4-e88f-11ef-8db7-bf1ae9272d3d,1.0
43abf84d-87ae-11ee-8fa1-0956827f7b84,1.0
43c7262c-edf9-11ef-a58b-9b6e6ea2ec07,1.0
43cc7a43-e88f-11ef-aca1-2fa2b8eb8941,1.0
43cd5d07-e88f-11ef-8409-7d3366484edb,1.0
43cea221-e88f-11ef-9072-7f86bd1a30e5,1.0
43e83bf3-edf9-11ef-8f83-9b6e6ea2ec07,2.0
43eb80da-df21-11ef-9dd9-ddf272f25e9e,1.0
43ee3eb8-87ae-11ee-84f8-ed5dfbd1ecd4,1.5
43f094f5-e88f-11ef-8fea-d55a96a4506c,1.0
44424c06-e88f-11ef-943a-7912cedce8f5,1.0
444542ef-e88f-11ef-ae74-03a4670eef12,1.0
4448344a-87ae-11ee-ba2e-8540968a4aab,1.0
444b54ee-df21-11ef-b2d0-091707f1bc20,1.0
444d756b-87ae-11ee-a017-23bd046534df,1.0
4467a8e6-e88f-11ef-aaad-0971d98a958e,1.0
4468b2b1-87af-11ee-a503-2b1d0885071f,1.0
44788679-edf9-11ef-a085-9b6e6ea2ec07,2.0
4499bc39-df21-11ef-afd2-c95e1ad2e50d,1.0
449a5fdd-df21-11ef-9021-35c108d1d962,1.0
44a82a9e-edf9-11ef-aa3c-4d6da9ecb0c1,1.0
44c754a3-edf9-11ef-8c48-9b6e6ea2ec07,1.0
44c8979e-df21-11ef-a922-4feeabfb60fa,1.0
44c9d208-edf9-11ef-ac77-b7a044066491,1.0
44ce9394-87af-11ee-bde2-d11edfb50e73,1.0
44e2d34c-df21-11ef-ad12-091707f1bc20,1.0
44eda6dc-edf9-11ef-aec8-9b6e6ea2ec07,1.0
44ef826e-edf9-11ef-bdc0-b7a044066491,1.0
44ef8282-edf9-11ef-ac52-f7ac6ef6659b,1.0
45282127-edf9-11ef-8d0a-79b38be6a662,1.0
4535e6ca-e88f-11ef-9968-d55a96a4506c,1.0
4544c399-edf9-11ef-b328-79b38be6a662,1.0
45606d0e-edf9-11ef-a0b1-79b38be6a662,2.0
45880a2b-87b0-11ee-9897-33f3de93faa9,1.0
459d3071-87af-11ee-9f54-33f3de93faa9,1.0
45b8db40-87ae-11ee-b286-055528d76b1d,1.0
4622f54b-87b0-11ee-8a8e-9de8ebbd66f9,2.0
466d9b3e-edf9-11ef-90d8-f72927add136,1.0
46915370-e88f-11ef-91f8-ff3ebd051482,2.0
46acd483-edf9-11ef-bfd1-9b6e6ea2ec07,1.0
46b48b84-87b0-11ee-981d-85e000f9cde0,1.0
46bd00ab-e88f-11ef-9bb5-ab10aa310123,1.0
46bdf871-5ef7-11ee-a645-0516b680d334,1.0
46d16324-87af-11ee-90be-8540968a4aab,1.0
46e28276-dfe9-11ee-b56f-7b2ada887a0b,1.0
46e53232-5ef7-11ee-a7c0-b7d376702459,1.0
46ec1cb2-edf9-11ef-8f95-79b38be6a662,1.0
46ec3bbc-f379-11ef-92c3-3f0ec03cf563,1.0
471436b1-edf9-11ef-ab13-9b6e6ea2ec07,1.0
472a15be-e88f-11ef-96ca-4daaa2e7cddd,2.0
47329cf0-f379-11ef-86e7-1730b4624cc3,1.0
47739be3-e88f-11ef-b076-d55a96a4506c,1.0
477451ba-e88f-11ef-abbd-b569de96aee3,1.0
47769ad4-f379-11ef-bad0-d9df1877674a,1.0
47874453-edf9-11ef-a844-4d6da9ecb0c1,1.0
478acbd8-df21-11ef-b0a9-81602c7c95e8,1.0
47912d48-5ef7-11ee-9ef2-b7d376702459,1.0
47928db7-f379-11ef-9e26-f9f71dd4e1f5,1.0
4798ac0f-f379-11ef-8b4d-a9fe4a008fed,1.0
47b0ef8e-5ef7-11ee-a4de-cd2349703c90,1.0
47b5dad3-f379-11ef-99ca-416452a63a99,1.0
47cb9604-edf9-11ef-bce9-e51392634454,1.0
47d2f3fc-df21-11ef-b097-a767bc0c5577,2.0
47e8973f-87b0-11ee-8a59-0956827f7b84,1.0
47fecd92-f379-11ef-8615-19050feb534d,1.0
4800d342-f379-11ef-ad69-33357b2e69d8,1.0
48205aaa-d8d5-11ef-8447-ed83afad3b1c,1.0
4825e73f-87af-11ee-8ef2-b930ff90fc81,1.0
482698ec-f379-11ef-8618-1964e51affe0,1.0
482b9947-f379-11ef-a0ff-636bd74812f2,1.0
48372f13-5ef7-11ee-9a97-87603286ef7f,1.0
48376f33-5ef7-11ee-b4a4-6defd8a2a73e,1.0
4844a36f-f379-11ef-8099-416452a63a99,1.0
484a40d6-df21-11ef-ae5b-091707f1bc20,1.0
484bad1a-87af-11ee-91d4-673ff96890dd,1.0
48617cf6-edf9-11ef-a5a4-b5b8ac1659df,1.0
486b8b7f-f379-11ef-9df2-27d447ec15d9,1.0
487f1f16-e88f-11ef-8639-2fa2b8eb8941,1.5
4886461c-f379-11ef-be72-27d447ec15d9,1.0
48a066b6-e88f-11ef-b309-ab10aa310123,3.0
48a0af51-e88f-11ef-830b-4daaa2e7cddd,1.0
48aa2e4a-f379-11ef-81a4-971a4770b5b5,1.0
48d385b9-e88f-11ef-99cf-7f86bd1a30e5,1.0
48f02bc1-f379-11ef-a896-1964e51affe0,1.0
48f05bd2-87b0-11ee-b2d6-33f3de93faa9,1.0
48fa287a-5ef7-11ee-a469-459f44b9a044,3.0
4910079c-87ae-11ee-965f-055528d76b1d,1.0
49179dc2-f379-11ef-95ae-f9f71dd4e1f5,1.0
491d6dfd-5ef7-11ee-a492-97f376a3bbdb,1.0
49309b2f-f379-11ef-b9af-f9f71dd4e1f5,1.0
493965c3-e88f-11ef-a4c4-bf1ae9272d3d,2.0
4951719d-87af-11ee-a332-adc20e485e61,1.0
4960878b-e88f-11ef-a3c2-5d13ada79fbd,1.0
49694c2e-e88f-11ef-9c8f-7f86bd1a30e5,1.0
4979003a-f379-11ef-82f0-f1ace75ff963,1.0
49a11dc7-dfe9-11ee-be13-39fe8e297110,1.0
49a96df4-a1f8-11ef-9a25-db0dc8079178,1.0
49b9ef9d-e88f-11ef-b053-d55a96a4506c,1.0
49d3d10d-e88f-11ef-ba40-f314e81a728f,1.0
49d4e5f5-f379-11ef-98ae-63115e13edcc,2.0
49d7449e-e88f-11ef-aae4-a5abd5f5f900,1.0
49dbb62e-f379-11ef-926f-63115e13edcc,2.0
49e08424-f379-11ef-a3d1-971a4770b5b5,1.0
4a06d364-5ef7-11ee-ae52-71b8c883bccc,1.0
4a22e194-f379-11ef-b993-b112d8f37da4,1.0
4a361ec6-87af-11ee-ba07-df75cd34e5a4,1.0
4a48ad52-e88f-11ef-995a-3348ec9c5bac,1.0
4a648eda-87ae-11ee-8447-f30dd2de4340,1.0
4a6b2065-5ef7-11ee-80bd-bba35888974a,1.0
4a6c3c5c-5ef7-11ee-8ab5-e98e389ed77c,1.0
4a85d454-f379-11ef-ae89-299122aeabd4,2.0
4aa5ab10-87b0-11ee-80b9-c14a6c4c1780,1.0
4aaa4d20-87af-11ee-8935-2b1d0885071f,1.0
4aaba562-87ae-11ee-8508-bbe4872ed907,1.0
4aac07e7-f379-11ef-94b7-f7eaf9b74fbb,1.0
4ac2a4ce-87af-11ee-baa1-91d0ff8c2ae8,1.0
4ae03e1d-3d5c-11ef-ba5e-f75513f6a295,1.6666666666666667
4aeba057-f379-11ef-92c2-299122aeabd4,2.0
4afaf33e-5ef7-11ee-818f-538a8eb842c1,1.0
4b1103a8-f379-11ef-8574-a9fe4a008fed,1.0
4b127b34-f379-11ef-859e-1964e51affe0,1.0
4b12aa50-f379-11ef-bba5-d34641a0fdee,1.0
4b18f71d-f379-11ef-bfc1-a9fe4a008fed,1.0
4b35522f-f379-11ef-b6c6-1964e51affe0,1.0
4b39655d-f379-11ef-b333-299122aeabd4,1.0
4b56a913-87af-11ee-8e28-f30dd2de4340,1.0
4b5dd4bd-87af-11ee-91fc-e35a688b4e60,1.0
4b817b64-f379-11ef-8401-416452a63a99,1.0
4b8ddecb-3d5c-11ef-8339-29d4d4641776,1.0
4bd1ffe0-7732-11ee-92a2-5ffcf86777cb,1.0
4be6b86c-f379-11ef-bea8-f3469faaaf24,1.0
4bea7bd6-f379-11ef-a262-f9f71dd4e1f5,1.0
4bedf294-f379-11ef-9a1e-416452a63a99,1.0
4bf019c7-f379-11ef-b9dc-f7eaf9b74fbb,1.0
4bf26871-5ef7-11ee-a1f4-d16cce89f6c6,1.0
4c0fba71-f379-11ef-8fe7-a9fe4a008fed,1.0
4c121c6f-87b0-11ee-a946-d9842a4fb5bd,1.0
4c47d1af-87af-11ee-a01b-ab6ba9482b4e,1.0
4c5074fb-f379-11ef-b644-971a4770b5b5,1.0
4c5272ec-f379-11ef-a340-d34641a0fdee,1.0
4c74839e-87ae-11ee-89e1-a34456479055,1.0
4c96d56a-5ef7-11ee-a315-1390bfc0cfa7,1.0
4c981e19-5ef7-11ee-909d-b7d376702459,1.0
4c998063-f379-11ef-8620-f196979a0b13,1.0
4c9f5acd-5ef7-11ee-9b44-538a8eb842c1,1.0
4cab1343-87b0-11ee-8f7a-f1f0e075a906,1.0
4cefc626-dfe9-11ee-9aca-0505930b84a2,1.0
4d01382d-f379-11ef-8871-db221867db37,1.0
4d0215d8-f379-11ef-a8d7-299122aeabd4,1.0
4d04c97a-dfe9-11ee-b75d-19acb9416c94,1.0
4d48fab0-f379-11ef-a170-f196979a0b13,1.0
4d49421f-f379-11ef-964b-636bd74812f2,1.0
4d4d23da-f379-11ef-9e91-63115e13edcc,1.0
4d6c6582-f379-11ef-85c5-636bd74812f2,2.0
4d6ca7e3-f379-11ef-b5f9-a9fe4a008fed,1.0
4d705036-dfe9-11ee-a7d6-f17ff87c4071,1.0
4d87272c-b17f-11ef-8cfb-39d1a0a8abb1,1.0
4d8a2ee7-b17f-11ef-ad41-15441c8ff1c1,1.0
4d8d31fd-f379-11ef-aea8-3fc83b5dc364,1.0
4daf71af-b17f-11ef-b682-155c77f9a612,1.0
4dd6744b-f379-11ef-b63e-3fc83b5dc364,1.0
4ddf7d95-38a5-11ef-a82e-b79dd050847d,1.0
4df264ab-f379-11ef-8995-63115e13edcc,1.0
4dffed2c-dfe9-11ee-aa09-f17ff87c4071,1.0
4e0790f3-b17f-11ef-bfe0-7bfddbe47087,1.75
4e0a01fc-dfe9-11ee-9328-0505930b84a2,1.0
4e138420-f379-11ef-aeb7-15076e646734,1.0
4e15fb7f-63c9-11ee-a08b-2b48d8c69ea6,1.0
4e3452f5-f379-11ef-8cc1-996f790d5dcf,1.0
4e41cf2f-f379-11ef-a412-63115e13edcc,1.0
4e5b1cbf-f379-11ef-a758-971a4770b5b5,1.0
4e755565-3308-11ef-8f61-b777fbc453cf,1.0
4ea22c3a-f379-11ef-8070-3fc83b5dc364,1.0
4eae4f05-38a5-11ef-adc6-71360d276760,1.0
4ebbaa93-3308-11ef-98ce-15195d380408,1.0
4ecec344-38a5-11ef-bf1b-f7233aa27043,1.0
4ecf625d-ac07-11ee-a1ed-7771086db3da,1.0
4ee230a3-3308-11ef-b1c9-b777fbc453cf,1.2222222222222223
4ef00de1-38a5-11ef-aeff-0900c47f745d,1.0
4f0ef792-dfe9-11ee-98fe-71d0320ea340,1.4
4f271248-f379-11ef-97ce-1730b4624cc3,1.0
4f429992-87b0-11ee-bfcc-055528d76b1d,1.0
4f9a378f-87b0-11ee-9cb2-8b895acfa303,1.0
4fce9ed1-3308-11ef-9cd2-b777fbc453cf,1.0
4ff16a1d-f379-11ef-83a6-3fc83b5dc364,1.0
4ff38bc0-dfe9-11ee-87d3-0505930b84a2,1.0
4ffd1452-8bf7-11ef-9bdf-397a09c59389,1.0
5011f4b0-3308-11ef-ab7e-c3c723b94c73,1.3333333333333333
501231cd-f379-11ef-b554-3fc83b5dc364,1.0
50210111-dfe9-11ee-b635-651a177c6be2,1.0
502e2261-f379-11ef-baa9-f1ace75ff963,1.0
504e29ed-f379-11ef-9bf3-3fc83b5dc364,1.0
5072a3b9-f379-11ef-b91c-27d447ec15d9,1.0
50835818-ac07-11ee-862f-e5592cbbb4be,1.0
50894aaf-87af-11ee-b83a-b930ff90fc81,1.5
50c2af99-ac07-11ee-869b-fba22382aa7b,1.0
50dffc5d-ac07-11ee-a4dd-55caddbfe997,1.0
5100fed7-f379-11ef-9f08-d34641a0fdee,1.0
5122f7f3-f379-11ef-8e2c-416452a63a99,1.0
5126bd59-f379-11ef-83c4-f9f71dd4e1f5,1.0
513bda40-87b0-11ee-80c5-d7acbb0efe09,1.5454545454545454
514c82a7-af25-11ee-9a08-c78031e89a2a,1.5
516f122e-af25-11ee-b8a5-014935a9ca6e,1.0
51cd053a-f379-11ef-b5a0-f3469faaaf24,1.0
51d601ef-3308-11ef-9b89-098ba7176daa,1.0
51f4ca71-f379-11ef-8251-b112d8f37da4,1.0
52457ded-af25-11ee-8466-014935a9ca6e,1.0
5262b772-af25-11ee-a16b-1bbf4d13c71e,1.0
527a5bae-ac07-11ee-bfa1-55caddbfe997,1.0
527d8618-87af-11ee-8bb5-f1227904ae74,1.0
52a18110-af25-11ee-85b0-4d84772f5079,2.0
52cc2b3e-af25-11ee-ba93-972399f22c31,2.0
52fad10b-87b0-11ee-9e02-b7631fc4454a,1.0
53b9525a-87af-11ee-9e71-b930ff90fc81,1.0
53d25f9d-af25-11ee-a77b-35a5f6848ba4,1.0
5475a460-eb8c-11ee-a705-f39a083afc73,1.0
54b38eca-ac07-11ee-b6af-230303456283,1.0
54c554af-af25-11ee-b19a-89d0b659dc91,1.0
5500464f-87af-11ee-8d0f-b3ee144f53a2,1.0
55250a0b-af25-11ee-b8e5-37cc711c9f4e,1.0
552b170f-ac07-11ee-8051-8d7bb91b654a,1.0
556298b9-ac07-11ee-ab29-5306a96e4c6a,1.0
55d7c8ea-af25-11ee-ac63-67a22342d62c,1.0
55f69371-2511-11f0-8c6f-2f34f899c9aa,1.0
56103e26-87af-11ee-a02c-d7acbb0efe09,3.0
561ad633-7d86-11ee-9db3-dbfcceb87c89,1.0
56547e6a-ac07-11ee-a1cb-b1705387ae6d,3.0
5671842e-1f90-11f0-8e01-316e5549f082,1.0
567bbfbe-87af-11ee-a73a-23bd046534df,1.0
568848fe-2511-11f0-9c35-45346baac35e,1.0
5716ab3a-87b0-11ee-8e48-937164efacfe,1.0
57632801-af25-11ee-8f16-3d10202f241c,1.5
57a3b8e4-af25-11ee-9176-89af3c53c56e,1.0
57a4634b-af25-11ee-92ea-21328ff13d9b,1.0
57c9d845-af25-11ee-9d4c-87de8ade428a,1.0
580e24da-af25-11ee-a72d-8147f2f195d1,1.0
5836d5d1-ac07-11ee-b697-8d7bb91b654a,1.0
585a33f8-af25-11ee-bc6c-37cc711c9f4e,1.0
585d9d4f-87af-11ee-9e6d-8540968a4aab,1.0
58643902-2511-11f0-8df8-45346baac35e,3.0
586c5cbe-edd5-11ee-a023-d91e1fde2c2f,1.0
5899d8d6-af25-11ee-8774-69f40bfe7032,1.0
59674031-87b0-11ee-8fcd-d324eef62dde,1.0
59701c3c-87af-11ee-9f43-37a3308de0be,1.0
5a8d45c2-e4a1-11ef-8994-3b87f27bb44e,1.0
5aa52801-0e36-11ef-9d36-3df0cbc30d9c,1.0
5abb30b8-87b0-11ee-aa5a-4950d880aa6b,1.0
5af0a190-87ae-11ee-9401-937164efacfe,1.0
5b2ccf83-e4a1-11ef-b37c-e5ddbfd27a10,2.0
5b327a83-ac07-11ee-8461-d578c4b37188,1.0
5b56833a-ac07-11ee-b2f6-e5592cbbb4be,1.0
5b572731-ac07-11ee-8af4-3b86aa8ba98d,1.1666666666666667
5b720a01-e4a1-11ef-af6d-e5ddbfd27a10,1.0
5b7a839f-ac07-11ee-9691-3b86aa8ba98d,1.0
5b840757-12ed-11ef-9562-19ad1b84dd22,1.0
5b85dfeb-0e36-11ef-8a96-7f6113b3115c,1.375
5c18d4e5-87ae-11ee-bf8e-6f12899a1171,2.0
5c1f8edb-12ed-11ef-9ef3-654bce556afa,1.0
5c2fe69b-107b-11f0-987d-55cc4fc57007,1.0
5c42fca6-12ed-11ef-81a8-a3db58a643bd,1.0
5c4bd917-87af-11ee-ae6a-91d0ff8c2ae8,1.0
5c50994f-e4a1-11ef-bb4f-e5ddbfd27a10,1.0
5c601d94-8bf6-11ef-879a-8d822cd3b8ef,1.0
5c798961-097f-11ef-86cc-e59cfeedda52,1.0
5c846511-ac07-11ee-9f15-230303456283,1.0
5c882b69-87b0-11ee-b294-9de8ebbd66f9,1.0
5c9c7e3a-0e36-11ef-9f2f-3d951010367b,1.0
5cbbffb1-0e36-11ef-a357-8977d9d5c2ff,1.0
5cccf111-097f-11ef-ad7a-dd0ffb6a3358,1.0
5ccf02e4-87af-11ee-b5e5-e9621c3afa30,1.0
5cd39cf4-87b0-11ee-beb6-df322f0f3510,1.0
5d02a9e5-097f-11ef-af81-bf7050c95fc8,1.3333333333333333
5d2435c6-097f-11ef-a4a1-4929103ec40a,2.0
5d56ab43-12ed-11ef-ac3a-5fd64cb50be2,1.0
5d636aeb-1f90-11f0-8721-a3cee62a435c,2.0
5d791532-e4a1-11ef-a0ba-61702031dad1,1.0
5d877a9e-097f-11ef-ae8a-fbb37f276b93,1.0
5daeaee1-1f90-11f0-88f3-316e5549f082,1.0
5db041d1-097f-11ef-be88-1338b90504e2,1.0
5dbe125c-e4a1-11ef-9c55-db3c1e8196c9,1.0
5de3931d-e4a1-11ef-97ac-61702031dad1,1.0
5de49a9d-e4a1-11ef-a2f9-1dc67ffa24d5,1.0
5e44026d-12ed-11ef-88c3-076bd15afe41,1.0
5e494fbd-87af-11ee-bf8c-df322f0f3510,3.0
5e5dec09-12ed-11ef-b638-9174b5567a81,1.0
5ec9abda-12ed-11ef-82ce-59b85c5d13c4,1.0
5ef1e44b-87af-11ee-94db-2130693516cb,1.0
5ef7f397-7d0f-11ef-a825-65e6cf03f962,2.0
5f2f8e1b-12ed-11ef-8e59-217dbb26ebc6,1.0
5f424f43-e4a1-11ef-bd1a-7b696c1fff63,1.0
5f447222-2511-11f0-ac89-6f651c53b9cb,2.0
5f6e32e2-097f-11ef-b875-4929103ec40a,1.0
5ff0e5a2-e4a1-11ef-bc9c-f9620f71284c,2.0
6002c2b5-097f-11ef-9a37-577819664685,1.0
6033c881-12ed-11ef-9f7f-f13561982785,1.0
60473d36-097f-11ef-a8c3-b9cd0b12c795,1.0
60643018-90a4-11ee-a006-fb8fb76022f6,1.0
607eb5f6-bc88-11ee-8902-e34573ebc318,1.0
607f581c-bc88-11ee-90d6-a1fb4be8eb2b,1.0
60910a94-12ed-11ef-9059-87fe06315c29,1.0
60949147-1f90-11f0-b579-e54cac63fa15,1.0
60a22d65-bc88-11ee-b1f8-e34573ebc318,1.0
60b901f8-90a4-11ee-bad2-abf73a7999a0,1.0
60bbed88-12ed-11ef-a4fa-cdc12ed2bbdc,1.0
60e0162a-87af-11ee-a63a-53c5162f89cb,1.0
60ed05b6-1f90-11f0-bb68-e54cac63fa15,1.0
60ed6750-bc88-11ee-9f72-cbf76c7f121a,2.0
6114afe2-9f6e-11ee-9fb4-5139bc1f8c43,1.0
611bae53-12ed-11ef-8c75-f13561982785,3.0
6127b8a6-87af-11ee-9af8-0956827f7b84,1.0
612904a0-cd0e-11ef-a813-373665a2e030,1.0
61408740-1f90-11f0-be26-e54cac63fa15,1.0
6143fec9-12ed-11ef-b276-39e5bbb17f8d,1.0
6148a373-12ed-11ef-b4a3-2984e666aa33,1.0
6175a3d3-cd0e-11ef-bf91-373665a2e030,1.0
61bc939f-12ed-11ef-a83e-bd78a0cfd4f1,1.0
61c6a030-097f-11ef-b492-97a7e0b95414,1.0
620d3175-097f-11ef-a613-6b82aa3e534f,1.0
6233a210-097f-11ef-b5ba-37e5d4a40aa3,1.0
624b82f5-e4a1-11ef-bae5-73b62ca955d5,1.0
6254e252-097f-11ef-8806-bf7050c95fc8,1.0
62605f92-e4a1-11ef-9a24-cda423ec6d35,1.0
62703212-e4a1-11ef-b9c3-f9620f71284c,1.0
6285069d-e304-11ee-bc8c-9d4b149d9179,1.0
6288814e-cd0e-11ef-aad3-a3c00be96777,1.3333333333333333
62905ea1-097f-11ef-9bd1-133f621a32be,1.0
62a355f9-e304-11ee-b51d-9d4b149d9179,1.7857142857142858
62b2a6b0-e4a1-11ef-a4d7-d9ab6deeffbd,1.0
63352e8a-e4a1-11ef-b631-d9ab6deeffbd,1.0
634d6bbf-12ed-11ef-8ee5-a3164a076e38,1.0
6364a280-87b0-11ee-9357-055528d76b1d,1.0
63767683-e4a1-11ef-ab30-3980be4dd42a,1.0
637a75f5-bc88-11ee-9833-bbb41287a4f9,1.0
63b3725e-e4a1-11ef-8d07-d9ab6deeffbd,1.0
63c50b19-cd0e-11ef-a70f-49b691fe0ac9,1.0
63da059f-87b0-11ee-a788-85e000f9cde0,1.0
63ede70c-bc88-11ee-9a97-bbb41287a4f9,1.0
6400b07f-cd0e-11ef-96cc-619bc94c2a30,1.0
641522ac-bc88-11ee-b329-cbf76c7f121a,1.0
64244a8d-40f9-11ee-b33c-cd2449da8fb1,1.0
6435a816-87af-11ee-b40e-33f3de93faa9,1.0
6435f357-097f-11ef-8f3a-bf7050c95fc8,1.0
643935bd-1f90-11f0-a697-4b21d554d56b,1.0
646ba752-e4a1-11ef-a722-db3c1e8196c9,1.0
6471e71e-87b0-11ee-9f3f-d7acbb0efe09,1.0
64890576-097f-11ef-97b8-c56c5dbc375a,1.0
64df140b-12ed-11ef-8030-654bce556afa,1.0
64f85f5a-87af-11ee-899f-c3d2aacc1ef5,1.0
64fe6f73-87af-11ee-9cad-c3d2aacc1ef5,1.0
65013350-87af-11ee-9edd-91d0ff8c2ae8,1.0
65023b17-bc88-11ee-be5c-8736da6798a7,1.25
650c678d-bc88-11ee-a273-a9f05733b015,1.0
650ca2c7-097f-11ef-81d6-15cbfb5f1fd8,1.0
652aa555-c91c-11ef-8c37-9d2cb28a0e5a,1.0
652ec5ba-e304-11ee-8f0b-adb2373cc894,1.0
6537b736-e4a1-11ef-9eeb-596369bdffc4,1.0
65529ee1-c91c-11ef-ab5b-7f15a6579f28,1.0
657d0531-12ed-11ef-bcae-c3fb1b420c7d,1.0
657ef4d5-87ae-11ee-a21b-8540968a4aab,1.0
6596e1d2-e4a1-11ef-9111-4d1c97c1919a,1.0
65990d11-e4a1-11ef-b93d-5d65628f6de7,1.0
659f4462-097f-11ef-a048-c56c5dbc375a,1.0
65a5bb30-bc88-11ee-a7f1-b7a9f9ffd70f,1.0
65a808a0-87ae-11ee-a647-e9ea53db7d03,1.0
65b46945-097f-11ef-b9bf-914de538cbcf,1.0
65b790a2-097f-11ef-b277-bf7050c95fc8,1.0
65c09bd5-c91c-11ef-9814-8d162c8a114d,1.0
65d9a1b6-097f-11ef-9e86-f58d5921c92e,1.0
65dadde4-097f-11ef-a060-63cf7033f9e9,1.0
65e98a45-e4a1-11ef-b22d-4d1c97c1919a,1.0
6638e3ae-e304-11ee-8e46-adb2373cc894,1.0
664312f2-e4a1-11ef-b986-4d1c97c1919a,1.0
664c28aa-c91c-11ef-985c-0747faa6642c,1.0
665b2e0c-87ae-11ee-9be0-e9621c3afa30,1.0
668b3b20-1f90-11f0-864e-c18faf537e31,1.0
66ab9114-c91c-11ef-a4c5-b14eb58b8166,1.0
66afbb62-e4a1-11ef-996d-39f8bdb91cbd,1.0
66eb2c60-c91c-11ef-a6e3-618748a64d7c,1.0
66eb6a0d-c91c-11ef-82ad-b14eb58b8166,1.0
66ebff3b-c91c-11ef-a19e-ed4cc1d51f82,1.0
66f4e90b-c91c-11ef-8b1c-b14eb58b8166,1.0
66f76373-cd0e-11ef-a5f0-d9868e29f851,1.0
672f1c57-bc88-11ee-ae89-ed19c304a10f,1.0
674df436-bc88-11ee-9c0e-bbb41287a4f9,1.0
6752b313-c91c-11ef-a62e-8d8be163a8c8,1.0
675952f2-e4a1-11ef-8ccc-5d65628f6de7,1.0
67744b20-bc88-11ee-9999-d580931105d7,1.0
67910dd9-c91c-11ef-a283-b5ae563961d2,1.0
679e319d-e304-11ee-8ef6-b31f58abbb86,1.0
67fe101d-c91c-11ef-a790-89ec1c2a34b3,1.0
67fe3b6c-c91c-11ef-acd6-ff4643792f73,1.0
6821605e-c91c-11ef-aa8d-2dfd7a2458ba,1.0
68225e76-c91c-11ef-9c52-dfbe149546aa,1.0
6826d3c5-e4a1-11ef-a3a0-194a27bf2c77,1.0
6847e008-c91c-11ef-9d30-dfbe149546aa,1.0
684b67c5-cd0e-11ef-a7ee-a7c7535f6ae3,1.0
684e009e-e4a1-11ef-9892-f9620f71284c,1.0
686dcb96-c91c-11ef-a8eb-b5ae563961d2,1.0
687440b5-e4a1-11ef-a2a1-5d65628f6de7,1.0
6890a3f8-c91c-11ef-bf9c-8d162c8a114d,1.0
68948338-1f90-11f0-8aa0-5f5003917573,1.0
68b9c49b-c91c-11ef-8d3d-dfbe149546aa,1.0
68da4e7f-c91c-11ef-a002-fb9247527eaf,1.0
68dc8f64-cd0e-11ef-abc1-197ed3594fba,1.0
68fbfe7d-c91c-11ef-b6f9-df0c303219a0,1.0
69048e90-cd0e-11ef-94e0-a96f5b6c7378,1.0
691b87a1-cd0e-11ef-bfa1-a96f5b6c7378,1.0
691dc3b4-e4a1-11ef-9b0d-e5ddbfd27a10,2.0
6937d489-e304-11ee-a430-67eb6d5d456e,1.0
698d5248-c91c-11ef-8b30-afa31ead099f,1.0
69b94304-87ae-11ee-bccb-4950d880aa6b,1.0
69ba51c4-e4a1-11ef-9653-7b696c1fff63,2.0
69c2d9f5-cb6c-11ee-a2ee-61fa29ebbb14,1.0
69c62121-cd0e-11ef-a4a6-39584e400dba,1.0
69ed7188-c91c-11ef-af1d-85fff5c40a74,1.0
69edba93-c91c-11ef-b4fb-a12fc50370e3,2.0
69f208e9-87af-11ee-9fb8-37a3308de0be,1.0
6a05dc2b-cd0e-11ef-91bd-cf72f77d3313,1.0
6a0fac32-cd0e-11ef-b276-7b6f32cd53ac,1.0
6a156c78-e4a1-11ef-ae6c-5d65628f6de7,1.0
6a513e9d-0fff-11f0-b218-f7c863472378,1.0
6a56fd13-c91c-11ef-9885-8d162c8a114d,1.0
6a57ae4c-cb6c-11ee-9325-df78e7718cbb,1.0
6a6883db-cd0e-11ef-bb4b-55dd264b3902,1.25
6a6ef3e8-c91c-11ef-b9f4-dfbe149546aa,1.0
6a72bef9-c91c-11ef-a72c-dda69c08e9ab,2.0
6a74ce3e-c91c-11ef-8c70-814e6d4ae3ca,1.0
6ab8ceb1-e4a1-11ef-acfe-194a27bf2c77,1.0
6ac7d4b0-0fff-11f0-8a4b-b593462a3d95,1.0
6ad6d01e-c91c-11ef-b7a6-5d90d6f8f811,1.0
6adb4e10-0fff-11f0-a2ba-9ff444e40a4f,1.0
6ade46b0-cb6c-11ee-9b6f-a117d9e9b8ed,1.0
6ae3c0ee-c91c-11ef-b13a-df0c303219a0,1.0
6b1fdf6f-c91c-11ef-9ef4-ed4cc1d51f82,1.0
6b351f9b-cd0e-11ef-bef9-efddd8c692b2,1.0
6b37a923-1f90-11f0-a024-e54cac63fa15,1.0
6b3b9bf7-c91c-11ef-8c20-7f0502f7ef9a,1.0
6b6b8dce-87b0-11ee-815e-ed5dfbd1ecd4,1.6666666666666667
6b8ef274-e4a1-11ef-8490-f9620f71284c,1.0
6b974c71-d5af-11ee-b055-63c70ea7e9b2,2.0
6b99ad66-cd0e-11ef-8557-efddd8c692b2,1.0
6ba84879-c91c-11ef-adde-9165bfbc41fb,2.5
6bab35e9-c91c-11ef-bc65-afa31ead099f,1.0
6badb237-87ae-11ee-8ee4-f30dd2de4340,1.0
6bf0a53e-e4a1-11ef-ba7d-3fc22233a3a2,1.0
6bf186e4-c91c-11ef-8927-5de8967c7b0a,1.0
6c0688ff-d5af-11ee-9981-7b3262406daa,1.0
6c28d678-cb6c-11ee-96b8-479fcb32062a,1.0
6c2ed6f1-c91c-11ef-a89f-9d2cb28a0e5a,1.0
6c32ebdc-c91c-11ef-886c-ed4cc1d51f82,1.0
6c819827-cd0e-11ef-9226-6f9c47652f5f,1.5
6c922f94-e304-11ee-8ef1-e1884bf8c913,1.0
6c93b526-c91c-11ef-b615-618748a64d7c,1.0
6ca16f28-cd0e-11ef-b52e-ad268d0606c3,1.0
6ca4d437-cd0e-11ef-a0e6-a94c2efe872a,1.0
6cc8badf-e4a1-11ef-8271-3b87f27bb44e,1.0
6d0b9258-c91c-11ef-9cdc-814e6d4ae3ca,1.0
6d0eca28-c91c-11ef-8c20-6f6100afdc42,1.0
6d295ada-dcbd-11ee-ab67-f76ada6bfdf5,1.0
6d4016fe-cb6c-11ee-a951-2d398cad123e,1.0
6d40c691-87ae-11ee-b9e1-b3542f744263,1.0
6d499fb6-e304-11ee-b616-750e648328e2,1.0
6d4d764d-87ae-11ee-b7ee-f1f1aa7e4adc,1.0
6d6c2ec2-87af-11ee-82d8-2b1d0885071f,1.0
6d753ac2-c91c-11ef-b86b-89474d251137,1.0
6d7ae049-c91c-11ef-a520-5de8967c7b0a,1.0
6d7f5cc6-87ae-11ee-a2c6-53c5162f89cb,1.0
6d86b8c9-e4a1-11ef-9f57-3980be4dd42a,1.0
6d931117-dcbd-11ee-b464-434b72959a47,1.0
6d9b5354-e304-11ee-85bc-e1884bf8c913,1.0
6d9e9778-d5af-11ee-8e61-03c2afc246ce,1.0
6dc1d6cb-31bc-11ef-a22c-e582f003fbba,1.0
6dcd4cfe-313f-11ee-85e9-a1dd4bc6905b,1.0
6dd69595-dcbd-11ee-867b-4b1cefd1e5c1,1.0
6dd7c0b6-e4a1-11ef-8452-1dc67ffa24d5,1.0
6df3d388-e304-11ee-af0d-f9081d9f53f3,1.0
6dfb5004-dcbd-11ee-98cb-c55c6b827c97,1.0
6dfd7364-dcbd-11ee-a870-27c9de3ca1cf,1.0
6dff24df-c91c-11ef-b7b3-8d8be163a8c8,1.0
6e05a494-c91c-11ef-ba20-fb9247527eaf,2.0
6e0e7c1d-e4a1-11ef-a430-3980be4dd42a,1.0
6e1a79bf-dcbd-11ee-868d-1137b9dbdc28,1.0
6e2821a5-c91c-11ef-9be9-df0c303219a0,1.0
6e2aa26f-1f90-11f0-9ba5-755415601cef,1.0
6e33bdd3-6553-11ef-b0ba-af338dc58c31,1.0
6e62eaf9-cd0e-11ef-8049-9927e1401af4,1.0
6e782a8b-e304-11ee-86e3-e1884bf8c913,1.0
6e849383-6553-11ef-8cac-510d5c1b5685,1.0
6e84a738-c91c-11ef-9aa3-afa31ead099f,1.0
6e87f29c-87ae-11ee-bf25-dfee4fec3486,2.0
6e8f2a57-87b0-11ee-b744-d7acbb0efe09,1.0
6e94c54d-1f90-11f0-a617-4b21d554d56b,2.0
6ea30e0d-c91c-11ef-a7e7-29d0a367dc11,1.0
6ea884da-e4a1-11ef-836c-59e6beaf429b,1.0
6eaceb7a-87ae-11ee-9e6b-dfee4fec3486,1.0
6ecca52c-c91c-11ef-9795-5de8967c7b0a,2.0
6ecea71f-e304-11ee-945a-f9081d9f53f3,1.0
6ee7bfcd-cd0e-11ef-9abc-a94c2efe872a,1.0
6ee9755e-cd0e-11ef-a825-ab674006fb03,1.0
6ef1f277-c91c-11ef-b932-552df2bf2527,1.0
6f065b08-c91c-11ef-b265-618748a64d7c,2.0
6f0ec9f0-87ae-11ee-b05a-937164efacfe,1.0
6f146470-87ae-11ee-9bf1-e9ea53db7d03,1.0
6f261d9e-cb6c-11ee-9b49-2d398cad123e,1.0
6f2c8f65-cd0e-11ef-aa6e-cf72f77d3313,1.0
6f37b1cb-87ae-11ee-9146-937164efacfe,1.0
6f66d878-31bc-11ef-b60d-2d4bd786b6cb,1.0
6f6846cc-eb17-11ee-8505-6bfa2dea8213,1.0
6f6c5b43-31bc-11ef-86c6-2d4bd786b6cb,1.0
6f71e1d5-c91c-11ef-9e32-cdbe9e060e02,1.0
6f81d079-e4a1-11ef-a43d-3d4240e5c005,1.0
6fcd7562-6553-11ef-85a2-510d5c1b5685,1.0
6fe25606-e4a1-11ef-a0ac-d9ab6deeffbd,1.0
6ff53f72-6553-11ef-b1e6-a53d7079be86,1.0
7006cee7-c91c-11ef-ae8b-8d8be163a8c8,1.0
700aeabb-87af-11ee-a950-f1227904ae74,1.0
700d4159-31bc-11ef-af04-d956f55ffbe4,1.0
70147c02-dcbd-11ee-aae7-49ec545adc3c,1.0
701dba1a-c91c-11ef-9e6d-cdbe9e060e02,1.0
703d67a6-d5af-11ee-b8f4-7b5e779eace4,1.0
703ed825-87af-11ee-aa7a-f30dd2de4340,1.0
7043a3df-cd0e-11ef-8d4a-9927e1401af4,1.0
7046db62-c91c-11ef-baf7-0f024c4b9134,1.0
7051b623-cd0e-11ef-b6b5-6ffb503a67c2,1.0
70618762-c91c-11ef-a32f-dda69c08e9ab,1.0
70702abc-87b0-11ee-9690-d324eef62dde,1.0
7081aa1c-c91c-11ef-9e51-afa31ead099f,1.0
70990dc5-87af-11ee-8da2-570c46a73669,1.0
70a09ce1-c91c-11ef-88d0-6f6100afdc42,2.0
70a1ad25-87ae-11ee-8738-0956827f7b84,1.0
70dd67a7-cd0e-11ef-9b7b-f98785a16007,1.0
70e5c0e3-c91c-11ef-83b9-df0c303219a0,1.0
70eb0061-e4a1-11ef-a9d1-59e6beaf429b,1.0
70f0953e-cd0e-11ef-ae61-9927e1401af4,1.0
70f0e4ed-cd0e-11ef-a665-f98785a16007,1.0
70ffe9cc-87ae-11ee-9f88-5b1c7836bea7,1.0
7103625e-c91c-11ef-a950-e965a15e0161,1.0
71072c82-87ae-11ee-9abc-a5c24ba7db6e,2.0
71075a56-c91c-11ef-9357-cdbe9e060e02,1.625
710cbe8e-cb6c-11ee-a5df-dd54cb5913d7,1.0
71305c13-c91c-11ef-85bb-85fff5c40a74,1.0
7136ab03-cd0e-11ef-9612-6ffb503a67c2,1.5
713f5582-cb6c-11ee-987d-8fee6b4a0c3e,2.0
715170d4-e4a1-11ef-a9a5-177d4355398e,1.0
7155362a-c91c-11ef-9b43-ed4cc1d51f82,1.0
715be9d9-87b0-11ee-906f-d11edfb50e73,1.0
7178804d-cb6c-11ee-b129-61fa29ebbb14,1.0
717e999d-e4a1-11ef-9e5c-f9620f71284c,1.0
719a369f-6553-11ef-9bf5-0bd4b00a9165,1.0
71a20ec5-e4a1-11ef-9c10-f9620f71284c,1.0
71a2b5fc-31bc-11ef-8f92-2d4bd786b6cb,1.0
71c0892e-e4a1-11ef-8fa7-43f8eaccc3cb,1.0
71c10d67-6553-11ef-becd-2f83138af8cf,1.0
71c2ebd5-e4a1-11ef-bfe8-d9ab6deeffbd,1.0
71ca8829-87b0-11ee-b2d9-4f7e5bfd9230,1.0
71cfe2de-c91c-11ef-83b7-5de8967c7b0a,1.0
71e23daf-e4a1-11ef-ac2f-ebd03d72c02a,1.0
71ee0341-f8f9-11ef-acbd-65efbcc6a743,1.0
71eec721-87b0-11ee-8a8d-f30dd2de4340,1.0
71f013dc-f8f9-11ef-8b28-631af940149d,1.0
720d1fc2-87ae-11ee-a1c9-d11edfb50e73,1.0
721b3f39-c91c-11ef-af07-49ef2505dbb1,2.0
721f4300-f8f9-11ef-9d76-692e514f8e79,1.0
7223f7c1-e4a1-11ef-af3d-e5ddbfd27a10,1.0
722416ed-c91c-11ef-8cbe-29d0a367dc11,1.0
722c5d0a-dcbd-11ee-abf3-979209e83c9f,1.0
724a1985-87af-11ee-b878-8540968a4aab,1.0
724e6507-6553-11ef-82ef-510d5c1b5685,1.1428571428571428
7266ae07-c91c-11ef-a0d7-fd19af548ae0,1.5
7269f0b1-f8f9-11ef-9b75-9b42f27fa398,1.0
7271b2ef-6553-11ef-b70d-510d5c1b5685,1.0
728a8693-c91c-11ef-b685-5de8967c7b0a,1.0
728caad1-e0ab-11ee-8657-d36ec7d04f09,1.0
72925593-87ae-11ee-9379-055528d76b1d,1.0
72ae9dba-cd0e-11ef-960c-05db8e74c3d1,1.0
72b054dc-dcbd-11ee-8f28-3d940ed6c3d3,1.0
72b12b60-f8f9-11ef-865d-edfb53c5e07a,1.0
72b53d11-c91c-11ef-b87f-b991a85ec7b1,1.0
72cf3f90-cd0e-11ef-b077-4da5ec5c1d2c,1.0
72dab218-e4a1-11ef-8f53-61702031dad1,1.0
72f19644-87b0-11ee-b2be-67d60c98d3f2,1.0
72f79022-6553-11ef-ae29-d78c58e0efa7,1.0
72f9913d-e0ab-11ee-8458-554fb2b35127,1.0
72fab4c5-c91c-11ef-aa88-0747faa6642c,1.5
72faef7e-e0ab-11ee-8661-d36ec7d04f09,2.0
72fdff6e-87ae-11ee-b6f3-5b1c7836bea7,1.0
731b1ad4-c91c-11ef-bb0d-7f15a6579f28,1.0
731b5637-c91c-11ef-91ea-49ef2505dbb1,1.0
731bcbb0-c91c-11ef-b6e3-fb9247527eaf,1.0
7336b54c-e4a1-11ef-89e7-61702031dad1,1.0
733c4c63-c91c-11ef-8088-ed4cc1d51f82,1.0
7351deb5-6553-11ef-a6c4-bdd09b4a7b86,2.4
735a5e84-1c6f-11ef-ad4e-b95ba7f40a8b,1.0
73619ab6-dcbd-11ee-ac86-d33463b87a0a,1.0
7365368c-c91c-11ef-a013-7f15a6579f28,2.0
7371e4b8-cd0e-11ef-a5e7-11ec2b855cd7,1.0
7373d4d2-d5af-11ee-965d-7b3262406daa,3.0
7380d564-c91c-11ef-93c1-7ffe16aea750,1.0
73814e88-c91c-11ef-8875-d7493315782d,1.0
7381b8db-cb6c-11ee-a680-dd54cb5913d7,1.0
73a976bd-c91c-11ef-af3e-7f15a6579f28,1.0
73b3f42a-e4a1-11ef-98bd-61702031dad1,1.0
73b484c5-cd0e-11ef-8180-cf1067d0ce5c,2.0
73bb27b6-f8f9-11ef-8c9a-65e95ce0efb7,1.0
73bd671d-d5af-11ee-bd84-2db309361b3c,1.0
73bfb3b8-d5af-11ee-b382-dd394ea52ced,1.0
73c3d292-6553-11ef-bb6f-0bd4b00a9165,1.0
73d99dcd-cd0e-11ef-acef-373665a2e030,1.3333333333333333
73da0435-0c12-11f0-839a-9d25f7a42124,2.0
73eb08ef-c91c-11ef-a36a-9165bfbc41fb,1.0
73ee9cc5-0c12-11f0-9f43-5d5a781c23e8,1.0
73fc5b6a-6553-11ef-8e70-ada2101c3484,1.0
740f2d1e-c91c-11ef-b0a0-89474d251137,1.0
74194f3f-f8f9-11ef-8883-9bec3d2b83e9,1.0
742006f9-e4a1-11ef-8312-3980be4dd42a,1.0
74255dc3-2a8d-11f0-b5a6-f9c36c9e79c5,1.0
743c8954-c91c-11ef-9039-afa31ead099f,1.0
7445a934-f8f9-11ef-9d1b-d97dded774b7,1.0
7447fea0-e4a1-11ef-8c4c-7b696c1fff63,1.0
7452b8ba-d5af-11ee-b418-0948910655e6,1.0
7458b2e3-87ae-11ee-9656-937164efacfe,1.0
746693e9-f8f9-11ef-939c-5b58c806da17,1.0
747b4f58-87ae-11ee-b9b1-b3542f744263,2.0
749ea7cc-c91c-11ef-b3ce-fd19af548ae0,2.0
74a08e74-87ae-11ee-a4af-a5c24ba7db6e,1.0
74aa37b4-c91c-11ef-8324-552df2bf2527,1.0
74b8e28f-2a8d-11f0-ad2b-1f6ab0389123,1.0
74bd2cbe-87af-11ee-a49c-3fda0428ff79,1.0
74cc81f4-e4a1-11ef-ba22-e5ddbfd27a10,1.0
74d28eb0-1f90-11f0-b384-211807b92d92,1.0
74fdc1e7-f8f9-11ef-bf48-65e95ce0efb7,2.0
74fde4a8-c91c-11ef-a608-3ff358578318,1.0
75237ea4-c91c-11ef-b77b-e965a15e0161,2.0
7527139f-e0ab-11ee-b9ac-4b6f4e7d1927,1.5
752f860b-42dc-11ef-8445-d1bcd3253ad7,1.0
7541cadf-ef8b-11ef-8567-334a743ca1eb,1.25
7543e16e-d5af-11ee-a8cc-9f8e8a9151e3,1.0
7547243b-ef8b-11ef-b222-476c0edfe7d4,1.0
754e73bb-e4a1-11ef-91ca-e5ddbfd27a10,1.0
754fbbd4-e0ab-11ee-a2d9-59d2cda44452,1.0
7553ed01-31bc-11ef-82c3-d956f55ffbe4,2.0
75570885-cd0e-11ef-9894-a7c7535f6ae3,1.0
755f0276-ef8b-11ef-bfbe-7f55d2fe0752,2.0
75660692-87ae-11ee-8650-b3542f744263,1.0
7568e0d8-c78b-11ee-85de-bb27ec5cd5b2,1.0
756e4f92-cd0e-11ef-9207-619bc94c2a30,1.0
7584fe05-ef8b-11ef-992c-c9e027eb82dd,1.0
75850854-ef8b-11ef-a978-cbacdef2ac96,2.0
7589e7e4-31bc-11ef-a3b3-d956f55ffbe4,1.0
758a1889-e4a1-11ef-a4c2-3fc22233a3a2,1.0
75a90220-87ae-11ee-9c1e-0956827f7b84,1.0
75ab5737-31bc-11ef-9d16-e582f003fbba,1.0
75b07613-e4a1-11ef-90bc-e5ddbfd27a10,1.0
75b0d019-ef8b-11ef-9cc8-4d77347c401a,2.0
75bc2d13-ef8b-11ef-b5eb-334a743ca1eb,1.0
75c534da-87af-11ee-b3de-937164efacfe,1.0
75ccdfaf-aff1-11ee-8663-dd466b287c4e,1.0
75cea6de-e304-11ee-b3f2-9d4b149d9179,1.0
75d10fb7-cd0e-11ef-881b-39584e400dba,1.0
75d819b1-f8f9-11ef-944e-8927c0b83d49,1.0
75e1e5e5-d5af-11ee-b68c-bf41c0d38681,1.0
75e816d5-d5af-11ee-a94b-ab9f84d449a2,1.0
75edbd14-aff1-11ee-8066-9db472a8b5d5,2.0
75f41399-cd0e-11ef-bf45-1bd0fe5cd780,1.0
75fff2f3-c91c-11ef-a065-ff4643792f73,1.0
76035c34-f8f9-11ef-9094-790983af1432,1.0
76177fbc-cd0e-11ef-951c-1df4a7e5883c,1.0
761de14a-c91c-11ef-bee1-df0c303219a0,1.0
7620b6b4-d5af-11ee-b918-57d2517faea0,1.0
7624180c-f8f9-11ef-964f-6115ae2e977b,1.0
76245f8a-f8f9-11ef-851f-65efbcc6a743,1.0
76353fd7-c91c-11ef-adad-85fff5c40a74,1.0
7635c774-c91c-11ef-8704-5de8967c7b0a,1.0
7635ef1b-aff1-11ee-b90c-15c1c6875550,1.0
763877cd-cd0e-11ef-9946-7bedf24e0aeb,1.0
763cb0cb-87b0-11ee-8fa8-67d60c98d3f2,2.0
763e3568-3e25-11ef-a4e5-c58c834fb7c2,1.0
76485f38-f8f9-11ef-9d1e-65efbcc6a743,1.0
76678f54-ef8b-11ef-ad7d-7f55d2fe0752,1.0
7669101e-6553-11ef-9867-750a4f33a622,1.0
766a66b5-f8f9-11ef-9649-692e514f8e79,1.0
767ca554-c91c-11ef-865a-cddfdaf0d046,1.0
768a6f3a-6553-11ef-8210-67ec545d4ab8,1.0
7694f053-87ae-11ee-b6ba-85e000f9cde0,1.0
769bb167-c91c-11ef-b3e1-fd19af548ae0,1.0
769e876c-c78b-11ee-8c99-69656b854212,1.0
769ed8b6-c91c-11ef-a8a8-afa31ead099f,1.0
76b507ef-6553-11ef-8051-750a4f33a622,1.0
76bb70ae-c91c-11ef-937f-49ef2505dbb1,1.0
76c9fed3-2a8d-11f0-8419-4370b6dbc60b,1.0
76ca3f07-1f90-11f0-9dd5-a3cee62a435c,1.0
76d79366-ef8b-11ef-bbb8-fb1788045f10,1.0
76d8c86f-f8f9-11ef-b94b-79260cac1e13,1.0
76d8d499-ef8b-11ef-9fde-cbacdef2ac96,1.0
76e1d56d-aff1-11ee-9b06-cde0ab234bb1,1.0
76e4699b-c91c-11ef-8e7b-cddfdaf0d046,1.0
76efc04b-31bc-11ef-a661-e582f003fbba,1.0
76f73d08-e304-11ee-bf4f-e1884bf8c913,1.0
76ffb52e-3e25-11ef-8114-8dabaf36be2c,1.0
7703807e-ef8b-11ef-af1d-df74f20e9cdf,1.0
7703df7f-cd0e-11ef-b1e7-373665a2e030,2.0
770952a8-c91c-11ef-8268-9d2cb28a0e5a,1.0
772391d2-6553-11ef-8f5e-750a4f33a622,1.0
77246f8d-c91c-11ef-87b4-5de8967c7b0a,1.0
7727bd56-c91c-11ef-8bec-89ec1c2a34b3,1.0
772a509a-f8f9-11ef-9a99-59d222df385b,1.0
772e8526-42dc-11ef-9c54-e1b966f82adb,1.0
773b154a-ef8b-11ef-a8e5-37c6e7ec704c,1.0
773d53a9-ef8b-11ef-a695-c9e027eb82dd,1.0
7746b89e-c91c-11ef-88f8-85fff5c40a74,1.0
7747705c-c91c-11ef-9113-9d2cb28a0e5a,1.0
776b1d29-c91c-11ef-bbf6-552df2bf2527,1.0
776b59b8-f8f9-11ef-aafb-9bec3d2b83e9,1.2857142857142858
776cd46e-c91c-11ef-beae-3ff358578318,1.0
77719226-f8f9-11ef-881e-5b58c806da17,1.0
7788333a-ef8b-11ef-b567-f557b035e855,1.0
778a6bd3-cd0e-11ef-8b71-7bedf24e0aeb,1.0
77930b15-f8f9-11ef-9598-59d222df385b,1.0
779e2ea5-31bc-11ef-8110-835795f502d1,1.0
77a3ef6e-c91c-11ef-be0f-9d2cb28a0e5a,1.0
77a75def-2a8d-11f0-8d9f-1f6ab0389123,1.0
77a95eac-f8f9-11ef-b4fb-5b58c806da17,1.0
77aba4eb-ef8b-11ef-8ac0-f557b035e855,1.0
77bb3e07-87b0-11ee-a6dc-498998d5fbc6,1.0
77c28d61-31bc-11ef-b3c9-37baa8d18926,1.0
77c9fa0a-ef8b-11ef-9e0f-c953efdf44f1,1.0
77ca1533-f8f9-11ef-baa6-65e95ce0efb7,1.0
77caa381-ef8b-11ef-8160-cbacdef2ac96,1.0
77d35f0c-3e25-11ef-b9ff-97afc948d14c,1.0
77efd124-ef8b-11ef-bbfc-cbacdef2ac96,1.0
77f062c7-c91c-11ef-8fbb-85fff5c40a74,1.0
77f0e0df-cd0e-11ef-b25a-cfe2103ae701,1.0
781629b0-c91c-11ef-b62f-dfbe149546aa,2.0
7826891f-6553-11ef-ba8b-1905df0a643f,1.0
7848101b-42dc-11ef-b79e-3d3e2a1706dd,1.0
785628c6-ef8b-11ef-9dcc-37c6e7ec704c,1.0
7858a8a0-c91c-11ef-a3e5-552df2bf2527,1.0
785a03ee-c91c-11ef-b199-af42475695dd,1.0
785c2243-c91c-11ef-9363-7ffe16aea750,1.0
78771c74-cd0e-11ef-8a7e-a3b2a670a766,1.0
7883f18c-c91c-11ef-86d4-29d0a367dc11,1.0
7885b84e-87af-11ee-81e3-ed18b20d40fa,1.0
788baa66-3e25-11ef-abbe-793832ccc713,1.0
78939590-ef8b-11ef-8abf-797894d0c4aa,2.0
789f75a2-f8f9-11ef-980f-e5a8b3719819,1.0
78a25270-c91c-11ef-8a29-552df2bf2527,1.0
78a91070-31bc-11ef-9e8d-e582f003fbba,1.0
78c574dc-c91c-11ef-bd9d-cdbe9e060e02,1.0
78c5d034-87ae-11ee-9bb6-f30dd2de4340,1.0
78c88a1b-08c9-11f0-9038-5dd8660b9a91,1.0
78cbba1c-c91c-11ef-b7a6-5de8967c7b0a,1.0
78ce4b6c-87ae-11ee-b646-23bd046534df,2.0
78d43507-42dc-11ef-8914-75d9bb808e55,1.0
78d4b526-c78b-11ee-ad87-c9604014b9b9,1.0
78d5f843-31bc-11ef-886e-37baa8d18926,1.0
78da1b93-ef8b-11ef-9a52-856d7c80aabc,1.0
78e3602e-f8f9-11ef-9cc1-f3968ec4437c,1.0
79192626-ef8b-11ef-80f5-8117a83e8496,1.0
791badf6-ef8b-11ef-8065-37c6e7ec704c,1.0
792b685f-c91c-11ef-908d-b991a85ec7b1,1.0
792cb44a-c91c-11ef-ba3b-2dfd7a2458ba,1.0
79365c11-e304-11ee-966e-d9679d951a9f,1.0
79403fd3-f8f9-11ef-81de-f3968ec4437c,1.0
794368e2-08c9-11f0-aedd-4b702edc8764,1.0
794a9928-cd0e-11ef-a6e1-cfe2103ae701,1.0
794c7928-cd0e-11ef-9cbd-1df4a7e5883c,1.0
79515716-ef8b-11ef-a5a0-476c0edfe7d4,1.0
7952ef52-08c9-11f0-8ad1-33e273c5ee15,2.0
79569c6e-87b0-11ee-9da9-d324eef62dde,1.0
796aef7b-87b0-11ee-8fa0-498998d5fbc6,1.0
797194a7-f8f9-11ef-8ae3-59d222df385b,1.0
7971aa86-c91c-11ef-918e-9165bfbc41fb,1.0
7986fadb-ef8b-11ef-8e2b-c5bbefada8d6,1.5
79870e58-ef8b-11ef-8415-856d7c80aabc,1.0
79b78380-c91c-11ef-baaa-b5ae563961d2,1.0
79c1faab-f8f9-11ef-8978-59d222df385b,1.0
79c6dbf0-f8f9-11ef-9f1a-d121b5623532,1.0
79d7cee2-ef8b-11ef-862a-436c8e4f3985,1.0
79ed8c70-f8f9-11ef-8326-65e95ce0efb7,1.0
79f38b01-08c9-11f0-873e-61c949eb0693,1.0
79f3bcca-ef8b-11ef-8b6e-c9e027eb82dd,1.0
79f9b0c4-c91c-11ef-9df4-e965a15e0161,1.0
7a07f186-3e25-11ef-bd48-af87e8dac64b,4.0
7a0afbc7-cd0e-11ef-b2b7-05db8e74c3d1,1.0
7a1118de-f8f9-11ef-b3ea-d97dded774b7,1.0
7a1aa283-c91c-11ef-8a94-29d0a367dc11,1.0
7a2acccd-31bc-11ef-ade7-b51926172b5a,1.0
7a4145f0-f8f9-11ef-821c-29554203ac1b,1.0
7a44689b-c91c-11ef-b972-9165bfbc41fb,1.0
7a44e1eb-ef8b-11ef-a40d-ebdc9b66e200,1.0
7a450e73-31bc-11ef-9dee-95faa4ee1c46,1.0
7a4b68ec-31bc-11ef-9b39-95faa4ee1c46,1.0
7a58442f-f8f9-11ef-a465-59d222df385b,1.0
7a609b0a-f8f9-11ef-a246-631af940149d,1.0
7a67a5e9-c91c-11ef-aef0-618748a64d7c,1.0
7a7e8aae-08c9-11f0-996d-75058bc381b7,1.0
7a855514-ef8b-11ef-9ebc-ff686ad1cdb1,1.0
7a8afd06-87ae-11ee-a733-87446474c3d2,1.0
7a8cd07c-e304-11ee-aaa4-d9679d951a9f,1.0
7a8e1d4c-ef8b-11ef-83d9-fb1788045f10,1.0
7a925d11-cd0e-11ef-8775-a3b2a670a766,1.5
7a933087-c78b-11ee-b364-133391ecc3c7,1.0
7aaa1899-c91c-11ef-b6f8-89ec1c2a34b3,1.0
7aaa471d-ef8b-11ef-9f26-df74f20e9cdf,1.0
7aaaeaaa-ef8b-11ef-b338-999e04fcaf1b,1.0
7aaf728b-ef8b-11ef-b357-cbacdef2ac96,1.0
7ab48900-cd0e-11ef-ad15-1df4a7e5883c,1.0
7ab6e7a1-cd0e-11ef-be7d-05db8e74c3d1,1.0
7ac30e37-aff1-11ee-94f8-b592b34aff7e,1.0
7acabfad-08c9-11f0-9995-47422e775794,1.0
7acb0111-ef8b-11ef-8d0e-4f8fe50d7dc3,1.5
7ad9dd17-31bc-11ef-89ed-835795f502d1,1.0
7ae275ec-6553-11ef-b78a-9558f2940197,1.0
7af157c4-ef8b-11ef-b995-999e04fcaf1b,1.0
7af25452-f8f9-11ef-8172-d121b5623532,1.0
7af351f5-ef8b-11ef-80eb-c5bbefada8d6,1.0
7af515d1-c91c-11ef-8bf7-0f024c4b9134,1.0
7af6d658-87ae-11ee-bbdb-87446474c3d2,1.0
7b134818-3e25-11ef-a137-092b85d61862,1.0
7b174863-3e25-11ef-a220-9de9a5e964bc,1.0
7b17dbe6-ef8b-11ef-be41-fb1788045f10,1.1428571428571428
7b1841d8-ef8b-11ef-a496-3f410470a4e5,1.0
7b2442da-1f90-11f0-b0c3-755415601cef,1.0
7b247986-87b0-11ee-a417-8540968a4aab,3.0
7b348cd5-08c9-11f0-b84f-e590b8aad12b,1.0
7b355fcf-f8f9-11ef-a817-1f06e5273472,1.0
7b371490-31bc-11ef-998e-b51926172b5a,1.0
7b3b2992-cd0e-11ef-b369-bb8e1d355c58,1.5
7b3e8e47-ef8b-11ef-b4aa-2d7162727c8c,1.0
7b417a55-ef8b-11ef-ac6f-ebdc9b66e200,1.0
7b57f7a3-08c9-11f0-979d-277dae078543,1.0
7b65333b-87af-11ee-97e1-53c5162f89cb,1.0
7b6a0436-f8f9-11ef-b1c7-e3b0d2913e9c,1.0
7b6b4b0e-f8f9-11ef-ba98-6bda303987e0,1.0
7b6f99c1-c91c-11ef-8574-618748a64d7c,1.0
7b7886f7-c91c-11ef-b684-9d2cb28a0e5a,1.0
7b7ad758-08c9-11f0-b451-1de298d81b7f,1.0
7b8a4476-f8f9-11ef-8de4-a1c3d07662b9,1.0
7b8aa453-ef8b-11ef-9f16-2d7162727c8c,1.0
7b912383-c91c-11ef-9283-cddfdaf0d046,1.0
7b92fd15-c91c-11ef-93f0-b991a85ec7b1,1.0
7bab7d98-ef8b-11ef-a31d-dda8921a8baf,1.0
7bb19b9d-80e6-11ef-918d-cfa4cd583efc,2.0
7bc22034-08c9-11f0-9e27-17eb73e1f34d,1.0
7bc32611-cd0e-11ef-8385-cf72f77d3313,1.0
7bd318b4-f8f9-11ef-8126-a1c3d07662b9,1.0
7bd4341a-ef8b-11ef-943d-797894d0c4aa,1.0
7bd99316-c91c-11ef-b2d5-5de8967c7b0a,1.0
7bdbfe88-31bc-11ef-b1ea-835795f502d1,1.0
7bf5d282-ef8b-11ef-914c-797894d0c4aa,1.0
7bf8bd09-c91c-11ef-a465-b5ae563961d2,1.0
7bf9a83d-c91c-11ef-9894-9d2cb28a0e5a,1.0
7c02b650-c91c-11ef-8506-b5ae563961d2,1.0
7c09b335-cd0e-11ef-ab36-cf1067d0ce5c,1.0
7c145145-c91c-11ef-8480-0f024c4b9134,1.0
7c1e1c9f-ef8b-11ef-81c8-c953efdf44f1,3.0
7c1ed182-31bc-11ef-a873-95faa4ee1c46,1.0
7c20f053-f8f9-11ef-9eb3-6115ae2e977b,1.0
7c246a6b-cd0e-11ef-8adf-a3c00be96777,1.0
7c35e340-08c9-11f0-94bc-47422e775794,1.0
7c36647c-ef8b-11ef-8928-6d4758ea9061,1.0
7c409a76-87ae-11ee-85d6-5b1c7836bea7,1.0
7c4241f9-87ae-11ee-a3fb-a34456479055,1.0
7c5d7eb2-08c9-11f0-8c52-e590b8aad12b,1.0
7c5e5a3d-08c9-11f0-a017-871e8ca03da1,1.5
7c66d764-ef8b-11ef-9297-436c8e4f3985,1.0
7c7bbd13-f8f9-11ef-9de3-a1c3d07662b9,1.0
7c81da05-ef8b-11ef-a7e0-6d4758ea9061,1.0
7c847b28-c91c-11ef-9b34-79f2a46e4fcf,1.0
7c8816c9-cd0e-11ef-bb34-bb8e1d355c58,2.0
7ca03072-f8f9-11ef-887c-29554203ac1b,1.0
7ca7adc4-cd0e-11ef-a572-11ec2b855cd7,1.0
7cacbe30-c91c-11ef-8ec0-49ef2505dbb1,1.25
7cbd7edc-aff1-11ee-a2ea-29ceb8dd36e1,1.0
7cc1ce5f-87b0-11ee-877e-85e000f9cde0,1.0
7cc53323-ef8b-11ef-af58-f508432f1598,1.0
7cc78b16-08c9-11f0-b9e9-91e1a782fd35,1.0
7ccafbe4-c91c-11ef-869d-b5ae563961d2,2.0
7ccc4fbb-cd0e-11ef-ae71-05db8e74c3d1,1.0
7ce4669c-f8f9-11ef-b49e-65e95ce0efb7,1.0
7ced0a38-c91c-11ef-b9a7-7f0502f7ef9a,1.0
7cee7965-cd0e-11ef-91f3-7b6f32cd53ac,2.0
7d0e8625-87b0-11ee-b51a-8b895acfa303,1.0
7d105f4f-c91c-11ef-b282-afa31ead099f,1.0
7d109978-ef8b-11ef-9d3b-797894d0c4aa,1.0
7d118803-c91c-11ef-a41b-9d2cb28a0e5a,1.0
7d16cb8b-f8f9-11ef-918b-1f06e5273472,1.0
7d181e58-08c9-11f0-a38a-dd381419113d,1.0
7d2e3453-aff1-11ee-ba71-69bcb80f51f3,1.0
7d332461-c91c-11ef-a529-2dfd7a2458ba,1.0
7d376c13-f8f9-11ef-8927-1f06e5273472,1.0
7d3a1715-ef8b-11ef-a179-dda8921a8baf,1.0
7d3ae32f-c91c-11ef-a237-618748a64d7c,1.6
7d4340de-ef8b-11ef-aec8-8117a83e8496,1.0
7d51cfa4-87ae-11ee-b17f-85e000f9cde0,1.5
7d61a3b7-ef8b-11ef-a637-334a743ca1eb,1.0
7d7a6b52-aff1-11ee-b22c-2b2cce685a75,1.0
7d7d563e-c91c-11ef-a3b3-5d90d6f8f811,1.0
7d7d8bca-aff1-11ee-9e04-cde0ab234bb1,1.0
7d7fcb45-6553-11ef-a83f-fbe5dfa628c9,1.0
7d941b0d-87ae-11ee-9e3c-ad8c05479996,1.0
7da6a40e-ef8b-11ef-976a-3f410470a4e5,1.0
7da736ba-ef8b-11ef-944a-df74f20e9cdf,2.0
7dacf40e-31bc-11ef-b467-99fc2d5a81b1,1.0
7dbd7742-cd0e-11ef-8248-7b6f32cd53ac,1.0
7dbdc29c-c91c-11ef-b28f-5de8967c7b0a,1.0
7df1ced6-1f90-11f0-8b27-211807b92d92,1.0
7dfa365d-87ae-11ee-baae-a34456479055,1.0
7e0e9697-31bc-11ef-90b9-37baa8d18926,1.0
7e1e1d20-cd0e-11ef-a16c-bb8e1d355c58,1.0
7e2942f7-c91c-11ef-a430-9165bfbc41fb,1.0
7e2ab8e3-c91c-11ef-87e8-b991a85ec7b1,1.5
7e2c15f7-f8f9-11ef-a048-9bec3d2b83e9,1.0
7e2fe4f7-c91c-11ef-a422-9165bfbc41fb,1.0
7e342674-87ae-11ee-96f5-85e000f9cde0,1.0
7e55d9db-87ae-11ee-a733-0956827f7b84,1.0
7e58df77-08c9-11f0-9952-1de298d81b7f,1.0
7e5fab1d-cd0e-11ef-b2e9-13245e9a539c,1.0
7e6950a2-e304-11ee-b936-9d4b149d9179,1.0
7ea00695-08c9-11f0-ae98-01ef9aa1f8ed,1.0
7ea7d1a0-cd0e-11ef-952e-13245e9a539c,1.0
7eb677ce-074d-11f0-a485-b304feaa6b19,1.0
7eb68d12-87ae-11ee-b29d-f30dd2de4340,1.0
7ec46f6f-ef8b-11ef-84c2-c17ae6c1e5b9,1.0
7ee6010e-ef8b-11ef-a737-2d7162727c8c,1.0
7ef2dc9c-87b0-11ee-901c-e383dbaa74d1,1.0
7ef4cd46-87af-11ee-8437-0956827f7b84,1.0
7f0115ff-c91c-11ef-baae-cdbe9e060e02,1.0
7f0cbcf8-c91c-11ef-89d3-79f2a46e4fcf,1.0
7f0ec61f-f8f9-11ef-bd86-6d5ae71e2d2b,1.0
7f0fb8c7-f8f9-11ef-853e-29554203ac1b,1.0
7f15d50f-6553-11ef-b838-750a4f33a622,1.0
7f2e478f-08c9-11f0-b49b-277dae078543,1.0
7f30360d-cd0e-11ef-8e56-a3c00be96777,1.0
7f369a17-31bc-11ef-91df-37baa8d18926,1.0
7f370967-f8f9-11ef-be6a-d97dded774b7,1.0
7f5098ae-cd0e-11ef-90b9-bb8e1d355c58,2.0
7f5ccfeb-f8f9-11ef-a3ac-29554203ac1b,1.0
7f6d8137-08c9-11f0-ba4a-4b702edc8764,1.0
7f809625-87ae-11ee-97e2-f15634ef6b75,1.6
7fb356e3-c91c-11ef-90b7-df0c303219a0,2.0
7fb6b25d-08c9-11f0-b3e7-9fe826a7e39b,1.5
7fb726b0-c91c-11ef-8184-fd19af548ae0,1.0
7fb7d9c8-cd0e-11ef-a83e-1df4a7e5883c,1.0
7fbdd429-08c9-11f0-87f3-91e1a782fd35,1.0
7fcdc96a-c91c-11ef-ae6c-8d8be163a8c8,1.0
7fce7cb8-c91c-11ef-bbf6-e59bbd520065,1.0
7fd5570f-08c9-11f0-82a2-47422e775794,1.0
7fe9a8c8-e304-11ee-a07b-9d4b149d9179,1.0
801dec73-f8f9-11ef-a4a9-6bda303987e0,1.0
80205733-0e40-11ef-a318-5f8afd3a97cc,1.0
80263e69-87b0-11ee-a6be-5f9322fa68ca,1.5
802ec737-c91c-11ef-bfeb-b14eb58b8166,1.0
803007b6-e637-11ee-bbaa-e38d4a18c362,1.0
803ba9ce-87af-11ee-8128-adc20e485e61,1.0
804fdf77-c91c-11ef-a03b-5de8967c7b0a,1.0
805c53f2-f8f9-11ef-8a56-9b42f27fa398,1.0
80672345-31bc-11ef-85a7-99fc2d5a81b1,2.0
806edc31-c91c-11ef-ad94-5de8967c7b0a,1.0
806f3901-c91c-11ef-abb3-a5fe370473f1,1.0
80897757-87b0-11ee-9616-d324eef62dde,1.0
80943638-c91c-11ef-8009-5de8967c7b0a,1.0
80ae8133-f8f9-11ef-8fe0-65efbcc6a743,1.0
80b8d707-c91c-11ef-abba-5de8967c7b0a,1.0
80bf15e9-e637-11ee-ba6f-f57763b51ce0,1.0
80d515bd-f8f9-11ef-9050-1f06e5273472,2.2
80f26549-f8f9-11ef-b9c1-6d5ae71e2d2b,1.0
80fdddce-c91c-11ef-a093-df0c303219a0,1.0
810e0115-cd0e-11ef-a38d-cf1067d0ce5c,1.0
811a7ae8-c91c-11ef-b44e-552df2bf2527,1.0
812a6283-e304-11ee-b971-e1884bf8c913,1.0
812e5fb8-31bc-11ef-b670-eba27e7d3f41,1.0
81320632-cd0e-11ef-ac72-f98785a16007,1.0
813fe56c-f8f9-11ef-b965-8927c0b83d49,1.0
8140dfa1-f8f9-11ef-b589-6d5ae71e2d2b,1.3333333333333333
8167ced7-f8f9-11ef-b450-d34c83824fa5,1.0
816a2f11-c91c-11ef-9a0c-618748a64d7c,1.0
81882ff2-f8f9-11ef-a403-c9ff31e4b025,1.0
81c9c9c9-dbf3-11ee-85ab-a7f31bc18678,1.0
81d914a4-cd0e-11ef-88d2-1df4a7e5883c,1.0
81ee1fdd-c91c-11ef-bb22-552df2bf2527,1.0
81f2dbd3-c91c-11ef-8857-29d0a367dc11,1.0
8211a8fb-f8f9-11ef-bdb8-c9ff31e4b025,1.0
82207d4b-cd0e-11ef-a706-cf1067d0ce5c,1.0
82257515-c91c-11ef-81ce-2dfd7a2458ba,1.0
822d77df-f8f9-11ef-88e6-79260cac1e13,1.0
823486f0-734c-11ee-9e58-853ab44a3e73,1.0
823e3d7e-f8f9-11ef-b571-a77dcbd00b20,1.5
82480ba7-c047-11ee-ab67-c5ed3d79be72,1.0
825c49e5-31bc-11ef-b182-eba27e7d3f41,1.0
826b202e-f8f9-11ef-9d3c-29554203ac1b,1.0
82816c10-cd0e-11ef-bcbe-1df4a7e5883c,1.0
828a9796-c91c-11ef-a44f-a5fe370473f1,1.0
82a20c63-6553-11ef-b6c7-11b9ba6815eb,1.0
82ae810d-c91c-11ef-a8d0-89474d251137,1.3333333333333333
82b304fb-cd0e-11ef-99f4-e124eb277814,1.0
82b5b52e-87af-11ee-ad2a-ab6ba9482b4e,1.0
82c480b3-6713-11ef-bd96-b561b85928af,2.0
82d53389-cd0e-11ef-89d8-cf1067d0ce5c,1.0
82dc8cf7-f8f9-11ef-978b-e5a8b3719819,1.0
82dcf875-f8f9-11ef-a4e9-8927c0b83d49,1.0
82f2dc82-c91c-11ef-bb7b-3ff358578318,1.0
82fb2b1a-f8f9-11ef-8e53-79260cac1e13,1.0
82fbda51-c91c-11ef-b442-b5ae563961d2,1.0
831c95e7-c91c-11ef-9c63-9165bfbc41fb,1.0
831edc29-c91c-11ef-bb47-df0c303219a0,1.0
8321c0f1-87b0-11ee-a924-91d0ff8c2ae8,1.0
83235c3c-f8f9-11ef-afb5-65e95ce0efb7,2.0
83276732-6713-11ef-94c7-e9b42ba33262,1.0
83285066-6713-11ef-8cbb-db572468aadb,1.0
833e01fc-cd0e-11ef-b3c6-e124eb277814,1.0
833e7d78-c91c-11ef-8f96-b14eb58b8166,1.0
835721ae-c047-11ee-8a4b-c5ed3d79be72,1.0
8360203b-c047-11ee-afe4-9107a188c8aa,1.0
836340b6-1f90-11f0-bbbc-4b21d554d56b,1.0
8384392b-87b0-11ee-8751-37a3308de0be,1.0
839dc0fe-c91c-11ef-bd08-b991a85ec7b1,1.0
83aacddb-f8f9-11ef-b99a-a77dcbd00b20,1.0
83cdfc9b-dd87-11ee-b353-0945c9376695,1.0
83e6fd5a-cd0e-11ef-af24-a3b2a670a766,1.0
840ca9c0-cd0e-11ef-a331-bd837dc4d796,1.0
841baa4d-f8f9-11ef-aea4-79260cac1e13,1.0
8426185f-6713-11ef-9d6f-e736b09de2a9,1.0
842cabbd-6713-11ef-93b4-13b3177e38c5,1.0
8446fae8-f8f9-11ef-a825-65e95ce0efb7,1.0
844de3a5-cd0e-11ef-b007-a7c7535f6ae3,1.0
84555bb7-e304-11ee-bba3-f9081d9f53f3,1.4
847caf6d-0eff-11ef-98b8-eb66bdab2e18,1.0
848afeb4-c91c-11ef-a5bd-5d90d6f8f811,1.0
849e88a5-dd87-11ee-911c-73a37531c566,1.0
84b36728-c91c-11ef-a867-618748a64d7c,1.0
84b83d91-c91c-11ef-9c64-79f2a46e4fcf,1.0
84bd0d70-cd0e-11ef-8ad8-8df66b3f2f23,1.0
84c1fd52-87ae-11ee-a2b9-33f3de93faa9,1.0
84c94059-1f90-11f0-aff9-1b1692d782f6,1.0
84cd42b8-f8f9-11ef-84d1-1f06e5273472,1.4
84da546d-c91c-11ef-8903-a12fc50370e3,1.0
84e1958f-6713-11ef-adcb-03d3f3ec30c9,1.0
84f96842-dd87-11ee-a0f4-3d86ea62ee79,1.1666666666666667
84fec8a9-1ad8-11ef-86fd-c1c7f56ad44d,1.0
85025ce0-6713-11ef-b64f-e736b09de2a9,1.0
850afbc2-c047-11ee-af7a-2bf99c2f1d48,2.0
850ea5f5-87ae-11ee-859f-87446474c3d2,1.0
8528c156-1ad8-11ef-a742-c1c7f56ad44d,1.0
854551f0-dd87-11ee-ac1a-a5e2d8579ac5,1.0
8563b418-f8f9-11ef-ac84-79260cac1e13,1.0
856f4afd-f8f9-11ef-9107-79260cac1e13,2.0
85794be3-c047-11ee-9957-c1af4859541f,1.0
85860872-cd0e-11ef-8ad6-d9868e29f851,1.0
8592b042-f8f9-11ef-ad8b-e3b0d2913e9c,1.0
85a0f1af-dd87-11ee-bf08-21493f38b268,1.0
85a388b1-f8f9-11ef-8500-1f06e5273472,1.0
85a93367-f8f9-11ef-885f-a77dcbd00b20,1.0
85adf67d-87ae-11ee-aca4-87446474c3d2,1.0
85ba3f47-6713-11ef-be14-b561b85928af,1.0
85e4a93e-6713-11ef-b49c-89428672f695,1.0
85eb09e4-87ae-11ee-9fe6-4950d880aa6b,1.0
85fda2bd-87af-11ee-9268-91d0ff8c2ae8,1.0
85fdc800-f8f9-11ef-b972-8927c0b83d49,1.0
860af1b1-6713-11ef-8db4-89428672f695,1.0
860b1008-cd0e-11ef-8b0e-cf72f77d3313,1.0
861900d2-0eff-11ef-a28d-8bdcace99868,1.0
86328a2b-cd0e-11ef-a8f1-05db8e74c3d1,1.0
865e87e7-6553-11ef-a4f5-e94a9f8d4781,1.0
86749382-cd0e-11ef-843d-39584e400dba,2.9
867e21a7-31bc-11ef-978c-d956f55ffbe4,1.0
8686366d-87af-11ee-93b7-45da4b8bc68d,1.0
868c9ae0-87af-11ee-acc0-cdfbc0c0300e,1.0
868f86ac-c047-11ee-94a9-9107a188c8aa,1.0
86980c47-87b0-11ee-b643-d11edfb50e73,1.0
8699895d-6713-11ef-b225-89428672f695,1.0
86af4393-dbf3-11ee-a578-69cab12f1916,1.0
86ba91c1-cd0e-11ef-967c-6ffb503a67c2,1.0
86bcca58-cd0e-11ef-9da7-a7c7535f6ae3,1.0
86ce8fc7-87af-11ee-94b5-33f3de93faa9,1.0
86d3d2cd-cd0e-11ef-881f-6ffb503a67c2,2.0
86d61a60-f8f9-11ef-8def-e3b0d2913e9c,1.0
86d7f597-87ae-11ee-9981-937164efacfe,1.0
86ddda09-31bc-11ef-bd0f-e582f003fbba,1.0
86fa5e19-c047-11ee-877f-f38232b5a3e7,1.0
86fd9afd-f8f9-11ef-be24-e5a8b3719819,1.0
8700b4fe-87ae-11ee-b08a-e383dbaa74d1,1.0
8714efea-cd0e-11ef-b05a-a96f5b6c7378,2.0
871aef17-dbf3-11ee-b32a-0dbf08c92065,1.0
871e1e0f-f8f9-11ef-9156-e5a8b3719819,1.0
87226e7f-a779-11ef-9e7b-333133b7540d,1.0
872fc634-dd87-11ee-857e-a3c7ffd2433b,1.0
875ca140-c047-11ee-a8bf-e7be06710f4c,1.0
876a0c3a-dbf3-11ee-9dba-3bc3703aecf8,1.0
8785c197-f8f9-11ef-87e5-e3b0d2913e9c,1.0
8799f49b-cd0e-11ef-bc9f-a7c7535f6ae3,1.0
87e34ada-31bc-11ef-9952-95faa4ee1c46,1.0
87fe7d8c-0eff-11ef-b221-81a853d6ff71,1.0
881053e5-d28e-11ef-96fb-87e6ee0ecea4,1.0
882dfb3a-87b0-11ee-baca-278f81e2efff,1.0
88565cd6-c047-11ee-bee2-c5ed3d79be72,1.0
8865a2db-f8f9-11ef-aefd-65efbcc6a743,2.0
888433f5-cd0e-11ef-a6a3-ab674006fb03,1.0
88a0bbce-87af-11ee-984a-53c5162f89cb,1.0
88a1f9fc-f8f9-11ef-98d5-8927c0b83d49,1.0
890af9f7-cd0e-11ef-a5cc-a96f5b6c7378,1.0
891c8870-d28e-11ef-9133-8361f093e8f4,1.0
892426b0-87af-11ee-af4b-3fda0428ff79,1.0
892b9248-dd87-11ee-8087-1d721fde6b45,1.0
8936a6d6-d28e-11ef-a943-4340d7d9fa49,2.0
89454fd0-87af-11ee-adf5-9de8ebbd66f9,2.0
894e3a3a-dd87-11ee-8afa-1d721fde6b45,1.0
895565fc-31bc-11ef-9765-95faa4ee1c46,1.5
8962e108-87b0-11ee-9f28-4f7e5bfd9230,1.0
896c1859-1f90-11f0-8ca6-a3cee62a435c,1.0
89767886-31bc-11ef-8e5b-d956f55ffbe4,1.0
897cb631-dd87-11ee-ae53-2d1db72a80ba,1.0
89930005-87ae-11ee-a7fa-f336244e9f40,1.0
89a06e22-d28e-11ef-bf60-072cce5a097c,1.0
89aac933-87b0-11ee-b9d6-4f7e5bfd9230,1.0
89ddcc04-cd0e-11ef-ad48-8df66b3f2f23,1.0
89f757ff-cd0e-11ef-8d7e-8df66b3f2f23,1.0
89fa5f5e-9d48-11ef-bd87-6178d959b48a,1.0
8a07e896-6553-11ef-9771-37d2226b7af0,1.0
8a3e3830-34b7-11ef-be33-cbd402ab86ba,1.0
8a633901-d28e-11ef-ba9e-4340d7d9fa49,1.0
8a6b4370-f8f9-11ef-b05b-e3b0d2913e9c,1.0
8a996023-f8f9-11ef-8d0f-d34c83824fa5,1.0
8aa5d74b-cd0e-11ef-8e39-e124eb277814,1.0
8ac83914-31bc-11ef-93d0-e582f003fbba,1.0
8ae0aa7e-f8f9-11ef-a25e-79260cac1e13,1.0
8ae787ca-d28e-11ef-a683-1f8d92b262f0,1.0
8b0a2a7d-31bc-11ef-937a-ed4aad7332b7,1.0
8b0b1fc9-d28e-11ef-b5be-3f9830db8fdf,1.0
8b250988-f8f9-11ef-a3d5-3de9a179babd,1.5
8b5ab667-d28e-11ef-b310-95b2ef09e0f9,1.0
8b690257-cd0e-11ef-8ffa-39584e400dba,2.0
8b6a7117-cd0e-11ef-8ff6-13245e9a539c,1.0
8b88ec1f-cd0e-11ef-b186-05db8e74c3d1,1.0
8b97a15a-6553-11ef-880e-bdd09b4a7b86,1.0
8b9e0568-f8f9-11ef-8c87-a77dcbd00b20,1.0
8ba3da7b-31bc-11ef-b6c6-ed4aad7332b7,1.0
8bbf7ac8-c91c-11ef-b255-cddfdaf0d046,1.0
8bd0122f-d28e-11ef-8cdc-43c4c6dbf0e2,1.0
8be7f8d3-dd87-11ee-8eff-a569c7aa08e9,1.0
8c0d1804-d28e-11ef-a74b-991e3ff2c747,1.0
8c120161-cd0e-11ef-8cb5-e124eb277814,1.0
8c17fdc9-6553-11ef-85d2-d1b622e22581,1.0
8c2f9068-c91c-11ef-a8c9-49ef2505dbb1,1.0
8c4ef152-c91c-11ef-a862-ed4cc1d51f82,1.0
8c4fdb77-c91c-11ef-85b8-49ef2505dbb1,1.0
8c70917d-c91c-11ef-b5b4-dfbe149546aa,1.0
8c9448a2-c91c-11ef-b2eb-79f2a46e4fcf,1.0
8ca10ba7-dd87-11ee-aa2a-49604208bd9c,1.0
8ca600f3-cd0e-11ef-a0cd-e124eb277814,1.0
8cb5838b-87b0-11ee-99f6-498998d5fbc6,1.0
8cb9105d-c91c-11ef-8b43-9d2cb28a0e5a,1.0
8cba5646-c91c-11ef-ab6e-b5ae563961d2,1.0
8cbc1d49-c91c-11ef-b8e9-55c7f88dbb02,1.0
8cc4dd15-6553-11ef-869a-c1181148dbe6,1.0
8cc51644-cd0e-11ef-a5a6-39584e400dba,1.0
8cd8a880-c91c-11ef-9bd8-dda69c08e9ab,1.0
8cdb1337-1f90-11f0-b173-316e5549f082,1.0
8cfd4dc5-c91c-11ef-b321-ed4cc1d51f82,1.0
8d08e952-cd0e-11ef-880c-cf1067d0ce5c,1.0
8d111bc3-34b7-11ef-9ff4-394f31958bbc,1.5
8d235d12-c91c-11ef-94ec-df0c303219a0,1.0
8d2568b0-31bc-11ef-b407-51bacd967968,1.0
8d27161a-83f4-11ee-8f14-29c260197625,1.0
8d385e0f-d28e-11ef-afa2-2f3a481f5103,1.0
8d39599f-d28e-11ef-af53-95b2ef09e0f9,1.5
8d41aff1-c91c-11ef-9f5e-0747faa6642c,1.0
8d743063-c91c-11ef-9ef2-df0c303219a0,1.0
8d8ebc77-dd87-11ee-a224-a52b01820473,1.0
8dabcab9-d28e-11ef-97ee-95b2ef09e0f9,2.0
8dae2f30-cd0e-11ef-9cd6-0d902e696de1,1.0
8dbca89d-6553-11ef-99a6-9d218a7b0c31,1.7142857142857142
8dbeeb34-b19c-11ef-9a6c-8d0ecee9adee,2.0
8dd946df-cd0e-11ef-8b5f-e124eb277814,1.0
8df0503b-f611-11ef-a99f-bb19403957a6,1.3333333333333333
8dfdac2b-c91c-11ef-97c2-dda69c08e9ab,1.0
8e1fab7c-c91c-11ef-979c-b5ae563961d2,2.0
8e1fb791-c91c-11ef-9e13-dbe90958e990,1.0
8e23c10e-d28e-11ef-808f-072cce5a097c,1.0
8e27e704-6553-11ef-89d5-1905df0a643f,1.0
8e3b2c61-87ae-11ee-80c4-e383dbaa74d1,1.0
8e56abdd-cd0e-11ef-9427-ad268d0606c3,1.0
8e5e7e08-f611-11ef-aace-5109f8b94624,1.0
8e6261f6-1f90-11f0-9dc2-99fb42b4dd57,1.0
8e6292ba-d28e-11ef-8b56-1f8d92b262f0,1.0
8e62bc57-6553-11ef-9dce-510d5c1b5685,1.0
8e6428c9-c91c-11ef-94c5-a5fe370473f1,1.0
8e82f794-c91c-11ef-a476-89ec1c2a34b3,1.0
8e9061a3-87b0-11ee-abe2-37a3308de0be,1.0
8ebad96f-cd0e-11ef-8a6c-55dd264b3902,1.0
8ec0098c-cd0e-11ef-8cf8-d9868e29f851,1.0
8ec231a3-6553-11ef-9c9d-510d5c1b5685,1.0
8ed2c502-31bc-11ef-a132-37baa8d18926,1.0
8ee42ba5-c91c-11ef-b9fb-dbe90958e990,1.0
8f0cd821-d28e-11ef-b22f-1f8d92b262f0,1.0
8f0d1044-d28e-11ef-bee7-07e957df5377,1.0
8f11abd3-c91c-11ef-a75f-b5ae563961d2,1.0
8f4018c1-87af-11ee-a3fb-0956827f7b84,1.0
8f4553ec-c91c-11ef-bf5d-8d8be163a8c8,1.0
8f458621-c91c-11ef-b347-e59bbd520065,1.0
8f4734a4-c91c-11ef-9837-a5fe370473f1,1.0
8f620f25-6553-11ef-971b-032e817338ea,1.0
8f626e2e-cd0e-11ef-ac64-f98785a16007,1.0
8fa9030b-c91c-11ef-acbe-af42475695dd,1.0
8fb74bf3-31bc-11ef-bbd7-45d3b643d3bd,1.0
8fbbdd37-87d9-11ee-ad98-e1a6f806fce1,1.0
8fc3516e-cd0e-11ef-82c0-ad268d0606c3,1.0
8fcc0bae-c91c-11ef-832f-a5fe370473f1,1.0
8fcd95cf-87af-11ee-8c51-45da4b8bc68d,2.0
8fd9d641-dd87-11ee-b141-a52b01820473,1.3333333333333333
9011e2b6-cd0e-11ef-9942-1bd0fe5cd780,1.0
9014d074-cd0e-11ef-96df-619bc94c2a30,1.0
902cf549-c91c-11ef-94fa-29d0a367dc11,1.0
9032571d-c91c-11ef-a404-0f024c4b9134,1.0
904e8f11-c91c-11ef-8528-5d90d6f8f811,1.0
904eb674-d28e-11ef-8f2f-3f2dae5ce7f2,1.0
90553320-cd0e-11ef-ae7f-1df4a7e5883c,1.0
90659889-d28e-11ef-aeb8-95b2ef09e0f9,1.0
907cd26c-cd0e-11ef-bd52-8df66b3f2f23,2.0
90babb33-c91c-11ef-bc9d-618748a64d7c,1.0
90be89ad-dd87-11ee-9090-2d1db72a80ba,1.5
90c7b842-87b0-11ee-9bbb-37a3308de0be,3.0
90e1bf17-31bc-11ef-98b7-95faa4ee1c46,2.0
90e5d46e-87b0-11ee-a384-bbaf86afe6b6,1.0
90e91c55-87ae-11ee-a6e5-a5c24ba7db6e,2.0
90f85ad4-6553-11ef-82b0-314b718ef04b,1.0
90f91a58-31bc-11ef-9016-2d4bd786b6cb,1.0
9103e6fa-cd0e-11ef-bf49-1df4a7e5883c,1.5
9104577f-87d9-11ee-b920-8ba4fd05bf03,1.0
9120fa46-cd0e-11ef-b639-1df4a7e5883c,1.0
9145022a-c91c-11ef-85b7-8d8be163a8c8,1.0
9145d800-cd0e-11ef-b885-bd837dc4d796,1.0
91471417-cd0e-11ef-9306-1df4a7e5883c,1.0
91637bbc-87ae-11ee-99e8-d7acbb0efe09,1.0
91662688-6553-11ef-b08e-ebe4e0956c60,2.0
916a3165-d28e-11ef-b8d2-eb87b735d94c,1.0
91c788c9-c91c-11ef-9c69-b991a85ec7b1,2.0
91ce5f4b-31bc-11ef-a7e6-51bacd967968,1.0
91e95307-84b4-11ee-8ae9-0f13ddb2b89c,1.0
91ec6bce-31bc-11ef-ac50-51bacd967968,1.0
91f0c4e3-87ae-11ee-82a7-33f3de93faa9,1.0
920ec810-84b4-11ee-ab59-83ba57edaad6,1.0
92222f86-d28e-11ef-a6e7-71933a30b30f,1.0
92296047-dcda-11ef-acd6-1f6f0c7e1285,2.0
922a2774-c91c-11ef-8825-79f2a46e4fcf,1.0
92303ef0-dcda-11ef-940d-3529c96b41a9,1.3333333333333333
92448ce9-87b0-11ee-8259-67d60c98d3f2,1.0
9252271b-87ae-11ee-83c8-f30dd2de4340,1.0
92536c94-c91c-11ef-b495-b14eb58b8166,1.0
92541e44-31bc-11ef-b972-2d4bd786b6cb,1.0
92658c7e-d28e-11ef-9688-072cce5a097c,1.0
926d4e04-dcda-11ef-9038-a59e4594da5d,1.0
9290a451-6553-11ef-bdfe-ebe4e0956c60,1.0
929758c2-84b4-11ee-ac95-1ba58c2ef550,1.0
92a9c8cc-d28e-11ef-a0c1-c55da45a9c4a,1.0
92bdbaf4-dcda-11ef-945c-cbb2ef29f55e,2.0
92be180d-dcda-11ef-9c7b-3529c96b41a9,1.5
92c31a4b-c91c-11ef-902a-b991a85ec7b1,1.0
92cbddb4-d28e-11ef-ae9c-072cce5a097c,1.0
92df6bb1-cd0e-11ef-97ac-ab674006fb03,1.0
92e38a04-dcda-11ef-a6c9-6977350245fa,1.0
92f7e460-6553-11ef-9015-ebe4e0956c60,1.0
92fc3142-87ae-11ee-ab00-dfee4fec3486,1.0
92fd7cb5-c91c-11ef-a7c0-dbe90958e990,1.0
931a3d27-dcda-11ef-888e-c7504fb6dc7b,1.0
93245f44-31bc-11ef-b766-2d4bd786b6cb,1.0
9327834a-dcda-11ef-94d5-c7504fb6dc7b,1.0
933096f9-feb0-11ef-9588-af405c4bbd38,1.0
9336a2bf-6553-11ef-9a46-e94a9f8d4781,1.0
934e8a33-dcda-11ef-a334-9d5e3a44f903,1.0
935fc7ea-c91c-11ef-b6fe-b991a85ec7b1,1.0
9369a529-84b4-11ee-8979-47a791dcd470,1.0
9384631a-d28e-11ef-a113-71933a30b30f,1.0
93886de1-d28e-11ef-a3cc-d996e7bce242,1.0
939d40ce-cd0e-11ef-84ad-cf72f77d3313,1.0
93b81705-6553-11ef-b397-ebe4e0956c60,1.0
93b9f587-87ae-11ee-b743-0d1196180fff,1.0
93c0bed9-c91c-11ef-b716-5d90d6f8f811,1.0
93e04b5e-c91c-11ef-8142-2dfd7a2458ba,1.0
93e5c085-c91c-11ef-a69c-5d90d6f8f811,1.0
941a7905-31bc-11ef-ac2a-2d4bd786b6cb,1.0
942022e6-c91c-11ef-984b-5d90d6f8f811,1.0
9422fb78-c91c-11ef-9700-fb9247527eaf,1.0
94254fcd-87ae-11ee-9182-e9ea53db7d03,1.0
94369e49-84b4-11ee-b600-5dd32cb4ca87,2.0
9442e955-c91c-11ef-9b05-fb9247527eaf,1.0
9444abd0-33f2-11ef-97bb-db758f1dcab6,1.0
94492af3-d28e-11ef-a313-71933a30b30f,1.0
9449a114-d28e-11ef-bf05-07e957df5377,1.0
9454a952-0270-11ef-9bb0-4b14cdd5ad2d,2.0
945ecbac-c91c-11ef-b07d-afa31ead099f,1.0
946226c3-87af-11ee-9742-df322f0f3510,1.0
94624200-1f90-11f0-b2a0-316e5549f082,1.0
94632004-87b0-11ee-8047-91d0ff8c2ae8,1.0
946b64dd-d28e-11ef-ae7c-d996e7bce242,1.375
9481ecbc-c91c-11ef-969f-2dfd7a2458ba,1.0
9484e5b7-c91c-11ef-81e9-0f024c4b9134,1.0
94addb7c-87af-11ee-8a6b-37a3308de0be,1.0
94bb585f-069d-11f0-91fd-7b762d3ca312,1.0
94c59595-cd0e-11ef-a54c-bb8e1d355c58,1.0
94c7666b-c91c-11ef-acf7-0f024c4b9134,1.0
94dbb46c-d28e-11ef-806a-d996e7bce242,2.0
94dffa86-6ef1-11ef-b3cb-db879f039db6,1.0
94e51814-6ef1-11ef-bc5d-311d8776c96e,1.0
94e7dfb0-cd0e-11ef-96b7-1df4a7e5883c,1.0
94fb73b5-d28e-11ef-9688-d996e7bce242,1.0
950e280f-87af-11ee-a8a8-570c46a73669,1.0
9520b5c7-42e7-11ee-89e7-099d2786ad50,1.0
9523642d-069d-11f0-a686-51734cab87f7,1.25
952d13da-c91c-11ef-a4ca-8d8be163a8c8,1.0
9535ca56-87af-11ee-9bd3-df322f0f3510,1.0
9538eb25-0270-11ef-bd9a-bbc96316301e,1.2
95425252-0341-11ef-b450-5fd097e525e5,1.0
955212dd-c91c-11ef-837a-dda69c08e9ab,1.0
95556e25-d28e-11ef-8bc2-87e6ee0ecea4,1.0
95559c48-6ef1-11ef-aabf-cd11197678f0,1.0
956cc033-069d-11f0-8fb9-fb7a18cfb007,1.0
956d26b7-87af-11ee-9bc0-91d0ff8c2ae8,1.0
958805cb-069d-11f0-8884-fb7a18cfb007,1.0
9596fbbe-c91c-11ef-a098-df0c303219a0,2.0
959d1d04-c91c-11ef-9627-fd19af548ae0,1.0
95ac18c1-069d-11f0-b762-f96cf8346ea4,2.0
95af9166-cd0e-11ef-aa31-1df4a7e5883c,1.0
95ba24eb-c91c-11ef-a4bf-7f15a6579f28,1.2
95bc66cb-c91c-11ef-9efc-b991a85ec7b1,1.0
95cfaaea-069d-11f0-a127-7f73dbeb969f,1.0
95d3d93b-069d-11f0-af10-efa1b9c804fe,2.0
95d4cfae-87b0-11ee-8163-91d0ff8c2ae8,1.0
95f5b740-069d-11f0-b839-1511bd31b477,1.3333333333333333
96059946-d28e-11ef-a508-4d5bcc05356b,1.0
9610923f-069d-11f0-9cc0-1511bd31b477,1.0
961e7891-c91c-11ef-a042-a5fe370473f1,1.0
9624b623-c91c-11ef-b2bd-df0c303219a0,1.0
9629d034-d28e-11ef-93ec-f98f4862ba5a,1.0
962dd27d-d28e-11ef-9758-87e6ee0ecea4,1.0
9632bfc8-069d-11f0-9709-73a90c83d79a,1.0
963adc7a-6553-11ef-b4b4-9d218a7b0c31,1.0
96417966-c91c-11ef-8959-b14eb58b8166,1.0
965738df-069d-11f0-b2a6-73a90c83d79a,1.0
966b1040-c91c-11ef-a4cf-dfbe149546aa,1.0
96824392-cd0e-11ef-9c51-a3c00be96777,1.0
96829924-069d-11f0-b907-1511bd31b477,1.0
96857cd2-cd0e-11ef-92c2-e124eb277814,1.0
969c8fe4-c91c-11ef-b4fc-b991a85ec7b1,1.0
969e610f-87af-11ee-b110-33f3de93faa9,1.0
96a66ac4-cd0e-11ef-9b87-a3b2a670a766,1.0
96af8d02-d28e-11ef-aa8d-072cce5a097c,1.0
96bedb91-1f90-11f0-9599-755415601cef,2.0
96c191da-069d-11f0-a484-1511bd31b477,1.0
96c7bac3-069d-11f0-a1d6-1511bd31b477,1.0
96c8bd21-d28e-11ef-8eee-4d5bcc05356b,1.5
96cd6b5c-d28e-11ef-aa61-95b2ef09e0f9,1.0
96ebdb92-d28e-11ef-b109-2f3a481f5103,1.0
96f33527-87b0-11ee-b501-5f9322fa68ca,1.0
96fa6c73-31bc-11ef-a7f7-2d4bd786b6cb,1.6666666666666667
96fc603d-c91c-11ef-b191-2dfd7a2458ba,1.0
96fcb747-87af-11ee-9040-37a3308de0be,1.0
96fe9ea0-c91c-11ef-895a-fd19af548ae0,1.0
96ff7ba5-0270-11ef-9f09-e149df3a1b09,1.0
9702e113-069d-11f0-abcb-7b762d3ca312,1.5
970a1aa4-c91c-11ef-a29a-a5fe370473f1,1.0
971556a7-d28e-11ef-ac99-09c7bda92618,1.0
9762cbd3-c91c-11ef-8229-5de8967c7b0a,1.0
9764bbc3-c91c-11ef-bdcb-6bada8ee1175,1.0
976a44c9-069d-11f0-8a97-4dc29d69876b,1.0
976b3196-c91c-11ef-8f1f-5de8967c7b0a,1.0
976d3ac1-069d-11f0-a897-b5d64b1238e2,1.0
9778ee9a-0381-11f0-8d82-f7cff0795445,2.0
9779a24d-6ef1-11ef-90d1-61cd39c30295,1.0
978c74fd-069d-11f0-9cb5-4dc29d69876b,1.0
97959e42-d28e-11ef-8aef-2d858a1cfb21,1.0
979a2ddb-6553-11ef-9405-fbe5dfa628c9,1.0
97a765d6-0381-11f0-b2cb-f121d4d9176a,1.0
97ad3c89-cd0e-11ef-96dc-bb8e1d355c58,1.0
97baa09d-6553-11ef-8e5e-bdd09b4a7b86,2.1
97bce721-6553-11ef-93b1-97975e8f9ebf,1.0
97c1a2e3-d28e-11ef-bf7c-991e3ff2c747,1.2
97f1ac4a-c91c-11ef-b6a0-8d162c8a114d,1.0
97fc60cd-0270-11ef-b119-93eb9011c925,1.0
9805d8e0-0270-11ef-9d30-89bc878ff3c8,1.0
98176424-069d-11f0-a4f6-7b762d3ca312,2.0
982dbaa6-cd0e-11ef-9095-7bedf24e0aeb,1.5
983299b5-6ef1-11ef-aba4-cd11197678f0,1.0
983a49aa-069d-11f0-a253-b5d64b1238e2,1.0
983cff2c-6553-11ef-a1b9-2f83138af8cf,1.0
983d8660-c91c-11ef-8555-5d90d6f8f811,1.0
9844472f-c91c-11ef-b7bd-814e6d4ae3ca,1.0
9845ab72-0381-11f0-9359-4924c92f3588,1.0
98554ea1-6ef1-11ef-8d47-e359ca9bab2d,1.0
98562160-c91c-11ef-a81d-a5fe370473f1,1.0
985ceead-069d-11f0-af1d-efa1b9c804fe,1.0
985d0f9c-069d-11f0-a7d9-cdbb70ddfe9e,1.5
986f37ee-cd0e-11ef-93da-ab674006fb03,1.0
98746740-0341-11ef-877c-df5c48fb6b36,1.0
9874e91a-c91c-11ef-ae07-b991a85ec7b1,1.0
987dd4ba-6553-11ef-8020-391ce81d0ed0,2.0
98801aa7-d28e-11ef-8678-a37e7469032f,1.0
9884d241-069d-11f0-ad0a-b5d64b1238e2,1.0
98915039-cd0e-11ef-afa6-ab674006fb03,1.0
9898509c-c91c-11ef-ab50-a5fe370473f1,1.0
98a98853-069d-11f0-a8f7-253620056f27,1.0
98ac4ab5-069d-11f0-9863-73a90c83d79a,1.0
98ad4c0e-069d-11f0-b412-efa1b9c804fe,1.0
98c33382-6553-11ef-a468-750a4f33a622,1.0
98da5a01-cd0e-11ef-9558-7bedf24e0aeb,1.0
98ded3f6-c91c-11ef-a46c-9165bfbc41fb,1.0
98e6745f-c91c-11ef-ad60-79f2a46e4fcf,1.0
98fffa19-fe79-11ef-ac3d-6d68801c4c95,1.0
9900df65-d28e-11ef-9ef9-eb87b735d94c,1.0
9904da79-c91c-11ef-8228-618748a64d7c,1.0
991fabbf-fe79-11ef-95e8-63743800a21c,1.4285714285714286
9922bb4e-c91c-11ef-b9bc-afa31ead099f,1.0
9929d922-d28e-11ef-a7d7-eb87b735d94c,1.0
99317bd9-069d-11f0-901f-cdbb70ddfe9e,1.0
99337148-069d-11f0-89ab-7b762d3ca312,1.0
99338523-069d-11f0-b1ac-fd337e902d8f,1.0
9942ebd4-c91c-11ef-a692-79f2a46e4fcf,1.0
9951dd50-0381-11f0-b31e-491d0f210aa7,1.0
9969b4a8-1f90-11f0-b90f-a3cee62a435c,1.0
996bf4bb-d28e-11ef-b48d-71933a30b30f,1.0
996ef52b-fe79-11ef-b415-63743800a21c,1.0
9979fd1d-069d-11f0-b7e2-73a90c83d79a,2.0
997dc295-31bc-11ef-ab31-2d4bd786b6cb,1.0
997f789a-069d-11f0-88fe-fd337e902d8f,1.0
998bc63d-c91c-11ef-951b-0f024c4b9134,1.0
9995a243-d28e-11ef-96c1-cdb75a6626ab,1.0
9997f41f-fe79-11ef-8f32-07e0f781b7e3,1.0
999b2435-fe79-11ef-8fec-4d9bb6bda446,1.0
999b8c0d-6ef1-11ef-a50c-bdfd8fbb4c2a,1.0
99a9260c-c91c-11ef-ba6f-6bada8ee1175,1.0
99c04e35-fe79-11ef-ab25-876aad3cb5f2,1.0
99c97186-c91c-11ef-b920-85fff5c40a74,1.0
99d35a4c-d28e-11ef-bcfe-c393218459da,1.0
99df66ce-31bc-11ef-8b4f-51bacd967968,1.0
99e26954-069d-11f0-a855-7b762d3ca312,1.0
99e6eab5-c91c-11ef-a226-6bada8ee1175,1.0
99fc347c-cf7e-11ef-92b7-bb73c36407ce,1.0
9a01dc15-fe79-11ef-99f8-0f373f438d5e,1.0
9a0dc820-fe79-11ef-abeb-cfe3d030a8b0,1.0
9a20faa3-d28e-11ef-8fab-c393218459da,1.0
9a32c22c-fe79-11ef-b05e-0f373f438d5e,1.0
9a35719d-fe79-11ef-b8bd-4f3e208a21b6,1.0
9a37e679-34b7-11ef-bff4-c3f95308ab93,1.0
9a446896-069d-11f0-9c3e-1511bd31b477,1.0
9a5c3ecc-0381-11f0-b614-47f1d1a87b09,1.0
9a629875-d28e-11ef-b158-3f9830db8fdf,1.0
9a650f68-0381-11f0-a8e1-47f1d1a87b09,1.0
9a6b64e9-069d-11f0-8a43-253620056f27,2.0
9a6dacd2-31bc-11ef-ba1e-51bacd967968,2.0
9a7c4d82-c91c-11ef-9839-618748a64d7c,1.0
9a83abd5-d28e-11ef-b41e-1f768faf7599,1.0
9a8606cf-0381-11f0-a76c-ebc3daf804bb,2.0
9a873b14-0381-11f0-b259-dd65ea3a47a6,1.5
9a89c71e-069d-11f0-bc4e-4dc29d69876b,1.0
9a970c50-31bc-11ef-b09b-e582f003fbba,1.5
9ad4b462-d28e-11ef-b333-2d858a1cfb21,1.0
9ad90b61-d28e-11ef-b6cc-1f768faf7599,1.0
9aeba875-6ef1-11ef-a804-8d1ab50ce616,1.0
9aecc2e9-87af-11ee-bf51-570c46a73669,1.0
9aeea690-87b0-11ee-b5c4-d9842a4fb5bd,1.0
9b021272-cd0e-11ef-83ac-e124eb277814,1.0
9b18d662-d28e-11ef-86e4-95b2ef09e0f9,1.0
9b250bee-cd0e-11ef-9d6d-8df66b3f2f23,1.0
9b2bc3d1-cd0e-11ef-93d2-7b6f32cd53ac,1.0
9b41e755-c91c-11ef-a051-55c7f88dbb02,1.0
9b424396-c91c-11ef-a51f-79f2a46e4fcf,1.0
9b427113-c91c-11ef-9946-b5ae563961d2,1.0
9b43d443-c91c-11ef-b03e-9165bfbc41fb,1.0
9b4fbe02-0381-11f0-9b18-4924c92f3588,1.25
9b68a679-c91c-11ef-aab2-0747faa6642c,1.0
9b68b1c4-6553-11ef-8986-29579fa3f2a3,1.3333333333333333
9b6d6094-c91c-11ef-981a-b5ae563961d2,1.0
9b71997c-6ef1-11ef-9360-d16170049955,1.0
9b73a6d7-fe79-11ef-b6dc-63743800a21c,1.0
9b908546-c91c-11ef-8001-5de8967c7b0a,1.0
9bad839d-cd0e-11ef-8da4-a3c00be96777,2.0
9badc321-6553-11ef-b50f-11b9ba6815eb,2.0
9bb672d9-c91c-11ef-a317-dfbe149546aa,1.0
9bc86cd8-d28e-11ef-8332-8361f093e8f4,1.0
9bd5c019-c91c-11ef-8970-b5ae563961d2,1.0
9bd63e80-fe79-11ef-b3cb-1389c5bc5f93,1.0
9bdbef0b-6ef1-11ef-bea0-eff391236e92,3.0
9bf2b8d8-c91c-11ef-a941-afa31ead099f,1.0
9c12df8b-c91c-11ef-bad9-552df2bf2527,1.0
9c164e42-cd0e-11ef-908e-a3c00be96777,1.0
9c1af186-c91c-11ef-a1aa-dfbe149546aa,1.0
9c25aca5-fe79-11ef-aae0-bf2404b5ad4f,1.0
9c32f12b-0c0e-11f0-9a19-077d42e71f6e,1.0
9c3812e7-c91c-11ef-bfdd-618748a64d7c,2.0
9c38306b-d28e-11ef-b7f7-95b2ef09e0f9,1.0
9c3ea8e1-fe79-11ef-816f-63b1fa7dbda3,1.3333333333333333
9c3f86d7-0381-11f0-8daa-491d0f210aa7,1.0
9c493a20-6ef1-11ef-9ea4-e359ca9bab2d,1.0
9c4b01a2-cd0e-11ef-b643-a3c00be96777,1.0
9c57e0d1-c91c-11ef-8845-8d162c8a114d,1.0
9c5d5e22-0c0e-11f0-819f-8d5924d38006,1.0
9c5f7f49-d28e-11ef-af11-07e957df5377,1.0
9c6287a1-fe79-11ef-88b4-63b1fa7dbda3,1.5
9c679c33-fe79-11ef-8b08-63743800a21c,1.0
9c75069d-fe79-11ef-8f09-bf2404b5ad4f,1.0
9c7b8e5a-c91c-11ef-864d-6bada8ee1175,1.0
9c80a021-d28e-11ef-a78a-b59c7116805d,1.0
9c8af272-1f90-11f0-9e61-0531d21f0d96,1.0
9c8bc571-0381-11f0-90d3-af1363747d78,1.0
9c8cbca1-fe79-11ef-97fc-c153f87af9a2,1.0
9c8eee4d-fe79-11ef-9338-d37799803219,1.0
9c9585a4-e7bf-11ee-b44e-e9f29e0fa50e,1.0
9c9d6aeb-fe79-11ef-9352-c153f87af9a2,1.0
9c9e1fa6-c91c-11ef-9ea0-b5ae563961d2,1.0
9ca2d1e7-87ae-11ee-9a12-85e000f9cde0,1.0
9ca9cb98-d28e-11ef-b52d-072cce5a097c,1.0
9cae7809-d28e-11ef-be66-07e957df5377,1.0
9cafdb8a-0c0e-11f0-84da-077d42e71f6e,1.0
9cb26bf7-fe79-11ef-b57d-239624b01b4f,2.0
9cb6f998-cd0e-11ef-8360-d9868e29f851,1.6
9cb90141-bbbf-11ee-baa4-e1bf42e9e5bd,1.0
9cbe976b-c91c-11ef-afb7-afa31ead099f,1.0
9ccd8659-6553-11ef-a35a-750a4f33a622,1.0
9cd2247a-0c0e-11f0-a250-91608d5ca6b5,1.0
9ce094a9-fe79-11ef-9fca-239624b01b4f,1.0
9ced20a4-1a01-11ef-a918-d939def8729d,1.0
9cf5c718-87b0-11ee-b207-37a3308de0be,1.0
9cf73cb2-0381-11f0-9d24-ad1bf3f15c4c,1.0
9cfb4554-0c0e-11f0-86f9-91608d5ca6b5,1.0
9cff9b5f-87af-11ee-88a4-9de8ebbd66f9,1.0
9d01b8fe-cd0e-11ef-a368-cf72f77d3313,1.0
9d050882-cd0e-11ef-8b8d-a3c00be96777,1.0
9d10123d-2c15-11f0-ace6-9d65cccd7485,1.5
9d108c9d-c91c-11ef-b9ca-5de8967c7b0a,1.0
9d18fd13-d28e-11ef-a3e1-07e957df5377,2.0
9d1c35c3-d28e-11ef-832d-2d858a1cfb21,1.0
9d224aad-ed0c-11ee-a96d-87432615113a,1.0
9d263603-c91c-11ef-bb19-dfbe149546aa,1.0
9d270b79-fe79-11ef-aef9-752f650d36a2,1.0
9d2fa22f-6ef1-11ef-a5e4-a9d7bbd9307e,1.0
9d37ef88-00ef-11ef-86db-01ae46ab94c2,1.0
9d42d21d-c91c-11ef-b019-85fff5c40a74,1.0
9d4762d8-fe79-11ef-a432-239624b01b4f,1.0
9d49d2e7-c91c-11ef-bf64-618748a64d7c,1.0
9d4a3727-fe79-11ef-aa5c-c153f87af9a2,1.0
9d5d0a5e-0381-11f0-97b9-9732cd33b678,1.0
9d634d6e-c91c-11ef-9351-814e6d4ae3ca,1.0
9d63d56c-0c0e-11f0-81c4-bdde01908102,1.0
9d654552-c91c-11ef-b592-552df2bf2527,1.0
9d668aa0-c91c-11ef-b391-0747faa6642c,1.0
9d688e3e-bbbf-11ee-aace-bf7605c87b10,1.0
9d6abea7-00ef-11ef-9604-33b9261ca49f,1.0
9d7eadbf-87af-11ee-9069-33f3de93faa9,1.0
9d824a1c-cd0e-11ef-a801-bd837dc4d796,1.0
9d8641c9-c91c-11ef-820b-fd19af548ae0,1.0
9d8dbe40-714a-11ef-88af-9ff4bd1ada2c,1.0
9d94c2e0-fe79-11ef-9a52-63b1fa7dbda3,1.0
9da47e2a-d28e-11ef-a4a8-b59c7116805d,1.0
9daf70e6-1a01-11ef-a5ff-35fe5f6998e4,1.0
9dc529d0-0381-11f0-9651-b7c6e9f7c284,1.5
9dcfc782-1a01-11ef-9665-dfeedcb9d1d3,1.0
9dd1c06b-c91c-11ef-948e-9165bfbc41fb,1.0
9dd4a028-c91c-11ef-aab5-0747faa6642c,1.0
9de13b1d-87ae-11ee-be98-f15634ef6b75,1.0
9de21a03-fe79-11ef-91ff-431ee6b105d2,1.0
9de2b851-fe79-11ef-93fd-c153f87af9a2,1.0
9df2921e-0c0e-11f0-a60b-db2582a70ed3,1.0
9df33f78-c91c-11ef-b9b4-5d90d6f8f811,1.0
9e037969-fe79-11ef-a510-11e4a1225664,1.0
9e082be2-0381-11f0-8aea-ef081842198e,1.0
9e0a932b-00ef-11ef-8440-43a01a72ba23,1.0
9e13405d-6ef1-11ef-8a0f-bdfd8fbb4c2a,1.0
9e15036a-6553-11ef-ba0f-032e817338ea,1.0
9e1d4b53-bee5-11ee-93b0-d726a03a4e78,1.0
9e35bbd3-6553-11ef-aeda-c1181148dbe6,1.5
9e3836bc-c91c-11ef-98b8-0f024c4b9134,1.3333333333333333
9e3e1417-0381-11f0-a462-f7cff0795445,1.0
9e43bfb5-4e91-11ee-9924-253c12719bab,1.0
9e4594a3-4e91-11ee-95bb-15ed065dade6,3.0
9e4a51f0-6ef1-11ef-93cb-13ebf35a566b,1.0
9e5044f5-d28e-11ef-8408-eb87b735d94c,1.0
9e5b7072-c91c-11ef-8d9c-a5fe370473f1,1.0
9e5d59aa-cd0e-11ef-9c49-0d902e696de1,1.0
9e759881-d28e-11ef-800d-2d858a1cfb21,1.0
9e75ab81-d28e-11ef-be27-f98f4862ba5a,1.0
9e7707e3-6ef1-11ef-a975-f970a655a489,1.0
9e995ebc-c91c-11ef-aa10-dfbe149546aa,1.0
9ea52d6d-87af-11ee-a2ed-33f3de93faa9,1.5
9eaa7d6f-bbbf-11ee-8bb0-2b75d63c90d4,3.0
9eb6e090-c91c-11ef-9139-8d8be163a8c8,1.0
9eb94353-c91c-11ef-80f9-618748a64d7c,1.0
9eb9d4b1-6553-11ef-9fc9-c1181148dbe6,1.0
9eff4ea6-fe79-11ef-a696-15d5ad73555b,1.0
9f01173c-fe79-11ef-883c-a9e707c44c08,1.0
9f03b2fe-fe79-11ef-ae19-9f81bfaecc02,1.0
9f05c407-d28e-11ef-b603-73fa3627142d,1.0
9f162046-714a-11ef-9774-3f0e62fe9dd4,1.0
9f22bd71-714a-11ef-b053-b996f57fcfec,1.0
9f24a31a-fe79-11ef-98b4-a9e707c44c08,1.0
9f296999-d28e-11ef-8fa7-c55da45a9c4a,3.0
9f388216-fe79-11ef-b298-a9e707c44c08,2.0
9f395949-0c0e-11f0-9958-973a9665d07c,1.0
9f433e1b-d73f-11ee-8915-6384446263e1,1.5
9f45fbf8-0b40-11f0-94a5-636c902b9ab7,1.0
9f5320bd-0381-11f0-88fb-c7b24aab8866,1.0
9f55d198-cd0e-11ef-8f05-55dd264b3902,1.0
9f6a2757-6ef1-11ef-920d-0161b73bb648,1.0
9f6e6d94-6ef1-11ef-bbd2-b5309a2b5859,1.6363636363636365
9f78fae4-00ef-11ef-b7bb-318c08d7ebd3,2.0
9f8c453b-c91c-11ef-8193-85fff5c40a74,2.0
9f8fdf01-6ef1-11ef-a5c9-05d2db8e1c89,1.0
9f9155ed-c91c-11ef-b2ea-dfbe149546aa,1.0
9f950974-fe79-11ef-b729-63743800a21c,1.0
9f9a2896-87b0-11ee-82ce-d9842a4fb5bd,1.0
9f9bca58-6ef1-11ef-842e-cdbc163054e5,1.0
9fa3923c-00ef-11ef-8c9d-43a01a72ba23,1.3333333333333333
9fa6aa91-00ef-11ef-9902-8bb14df5f82f,1.0
9fa78a87-cd0e-11ef-906f-8df66b3f2f23,1.3333333333333333
9fa85cf7-bee5-11ee-b4b0-afd9d93482f6,1.0
9fac8a72-c91c-11ef-b033-552df2bf2527,1.0
9fbfbeb3-fe79-11ef-bba6-431ee6b105d2,1.0
9fc540a2-d28e-11ef-a711-2f3a481f5103,2.0
9fca659b-7e5c-11ee-9b35-83a158481e5a,2.0
9fcd0b65-714a-11ef-8436-d9e32c389878,1.0
9fcd4d47-c91c-11ef-81c2-49ef2505dbb1,1.0
9fcfe82c-c91c-11ef-bda0-2dfd7a2458ba,1.0
9fd3d761-cd0e-11ef-9f64-ab674006fb03,1.0
9fe27f90-fe79-11ef-9084-2f53957df532,1.0
9fe48d23-43a5-11ef-bff0-41822081b03f,1.0
9fe82377-b720-11ef-8745-b129ed0179bb,2.0
9ff61e07-c91c-11ef-bdad-2dfd7a2458ba,1.0
9ff7fac5-6ef1-11ef-80fb-63efe6cd8065,1.0
9ffa7761-1f90-11f0-93e8-5f5003917573,1.0
a00b367f-fe79-11ef-ab2e-9f81bfaecc02,1.0
a00cdce2-bbbf-11ee-a0e8-837222a5d91c,1.0
a0177748-0381-11f0-8c7a-9be73cf73f3c,1.0
a027d4e5-d28e-11ef-9750-1f8d92b262f0,1.0
a027ed73-fe79-11ef-9368-9f81bfaecc02,1.0
a0283114-00ef-11ef-b8ce-c70dad89e7c1,1.0
a02ff203-00ef-11ef-871a-df2f476d6baf,1.0
a0303446-d28e-11ef-9d5b-2f3a481f5103,1.0
a030b92c-87b0-11ee-bc8b-937164efacfe,2.0
a04aed25-bbbf-11ee-b014-4b181a4bc586,1.0
a0514481-87ae-11ee-88ab-7f241295132f,1.0
a0574e14-c91c-11ef-9c06-79f2a46e4fcf,1.0
a07098bd-d73f-11ee-8beb-6f6551604333,2.0
a071efde-fe79-11ef-bd2b-61aa7ff8f015,1.0
a079ed72-00ef-11ef-850a-bffb9c32c7b7,1.0
a07d06aa-d73f-11ee-8e51-6f6551604333,1.9
a07d8734-9c86-11ef-bd69-dff4a6a828c9,1.0
a09548c0-6553-11ef-8876-bdd09b4a7b86,1.8333333333333333
a0983eef-87ae-11ee-b398-7f241295132f,1.0
a09a5a59-c91c-11ef-bdd9-b5ae563961d2,1.0
a09a7cdd-fe79-11ef-b13a-1389c5bc5f93,1.0
a09c3f68-c91c-11ef-a52b-5de8967c7b0a,1.0
a09db03e-00ef-11ef-815d-33b9261ca49f,1.0
a0a71327-1a01-11ef-8a3d-d939def8729d,1.0
a0bceaf5-d28e-11ef-839c-c55da45a9c4a,1.0
a0c3ec4b-fe79-11ef-9f56-07e0f781b7e3,1.0
a0c5d6ac-c91c-11ef-8287-814e6d4ae3ca,1.0
a0cae1ae-0381-11f0-97f5-9173e719d15e,1.0
a0ccabc6-0381-11f0-af60-e5170192157d,1.0
a0eca8e9-87b0-11ee-9a63-f5f3912334d5,1.0
a0f91292-714a-11ef-9590-1b2db1ceba65,1.0
a10033ae-c91c-11ef-bbd2-85fff5c40a74,1.0
a1043565-fe79-11ef-b07c-bf2404b5ad4f,1.0
a1054afe-d28e-11ef-9d03-2d858a1cfb21,1.0
a105b46b-0381-11f0-a1a5-a39cb0b75c77,2.0
a11291c8-33f2-11ef-9f48-af19ae395ded,1.0
a13f5893-c91c-11ef-9647-b5ae563961d2,1.0
a144ac47-c91c-11ef-9618-79f2a46e4fcf,1.0
a1604815-c91c-11ef-b24f-814e6d4ae3ca,1.0
a165d930-bee5-11ee-a430-395d634ab4f4,1.0
a16941f0-7cac-11ee-a0e1-99fcbd9c2157,1.0
a16bf7c9-714a-11ef-8643-e7af055b111f,1.0
a1740ea3-00ef-11ef-801f-19d5f3c38476,1.5
a179728f-d28e-11ef-bf30-a37e7469032f,1.0
a17ae249-d28e-11ef-b040-3f9830db8fdf,1.0
a1902137-fe79-11ef-91a5-07e0f781b7e3,1.0
a192820b-0381-11f0-8a8f-5f7d6487a7fb,1.0
a198e141-00ef-11ef-b6c9-8bb14df5f82f,2.0
a19fdb0e-d28e-11ef-b2a9-71933a30b30f,1.0
a19fff72-d28e-11ef-8573-43c4c6dbf0e2,1.0
a1ae55c8-0381-11f0-85fd-47f1d1a87b09,1.0
a1b1969a-c91c-11ef-b8e4-49ef2505dbb1,1.0
a1b5aafa-714a-11ef-ac61-0d9cbe279307,2.0
a1c594d4-3eee-11ef-b674-fba150d9cd9d,1.0
a1ca6c35-d28e-11ef-8675-43c4c6dbf0e2,1.0
a1d19100-87af-11ee-a200-91d0ff8c2ae8,1.0
a1d3ff82-00ef-11ef-8f12-cbf0ded7df95,1.0
a1e87aaa-c91c-11ef-bf5c-2dfd7a2458ba,1.0
a208a829-87b0-11ee-899f-33f3de93faa9,1.0
a21c80e7-714a-11ef-a5f1-919ae2e500ef,1.0
a2289293-fe79-11ef-8875-e39cdb247c3c,1.0
a24a2620-7cac-11ee-bf2d-3b1f5d9099c9,2.3333333333333335
a24eddee-c91c-11ef-91a0-b5ae563961d2,1.0
a2525962-c91c-11ef-8fa0-9165bfbc41fb,1.0
a2567691-d28e-11ef-a15f-1f8d92b262f0,1.5
a271047a-c91c-11ef-8d96-af42475695dd,2.0
a271e848-c91c-11ef-b31c-fb9247527eaf,1.6666666666666667
a27a0091-00ef-11ef-8416-b9521a014ca6,1.0
a27ebe0f-fe79-11ef-b8ba-ad8ca2dd8776,1.0
a2915768-c91c-11ef-9abd-e59bbd520065,1.5
a292c1ed-c91c-11ef-bc23-0747faa6642c,2.0
a2945309-3a37-11ef-87ba-11ee919f4fff,1.5
a29a3bd2-fe79-11ef-a83d-876aad3cb5f2,1.0
a2a3bff4-d28e-11ef-8118-71933a30b30f,1.0
a2b35a80-0381-11f0-8ed7-af1363747d78,1.0
a2b39878-c91c-11ef-b6e7-0747faa6642c,1.0
a2b554bf-bbbf-11ee-9b55-a709ff9e4aa3,1.0
a2b9be3a-fe79-11ef-960d-876aad3cb5f2,1.0
a2c9d151-87ae-11ee-9571-937164efacfe,1.0
a2d3be4d-c91c-11ef-986c-8d8be163a8c8,1.5
a2d5d5a2-0381-11f0-8d49-975c1aea824b,1.0
a2da20ee-7cac-11ee-8afb-d923cdbfb516,1.0
a2f42ac3-0381-11f0-a366-f121d4d9176a,1.0
a3258562-bbbf-11ee-984f-b9984997f59f,1.0
a3258f68-714a-11ef-8a75-27bb44180af6,2.0
a32ff942-fe79-11ef-86fb-ad8ca2dd8776,1.0
a33f318d-bbbf-11ee-90c8-bf7605c87b10,1.3333333333333333
a348a8ce-c91c-11ef-aca9-dda69c08e9ab,1.5
a34e0948-fe79-11ef-af66-2351d2c65a02,1.0
a3526372-6553-11ef-a925-97975e8f9ebf,1.0
a3590571-d73f-11ee-9bb9-73198ec04afc,1.0
a3718ac4-fe79-11ef-9a27-e1da93d834c2,1.0
a3747925-0381-11f0-8d87-4924c92f3588,1.0
a38485d1-c91c-11ef-b35f-df0c303219a0,2.375
a391de4a-d28e-11ef-b3ab-d996e7bce242,1.0
a39bfa7d-fe79-11ef-ba8d-ad8ca2dd8776,1.0
a3a3da57-c91c-11ef-b3c1-9165bfbc41fb,1.0
a3ab9a7f-c91c-11ef-8e7b-e59bbd520065,1.0
a3b47576-714a-11ef-a146-2b02c39c27d3,2.0
a3bb9b19-3a37-11ef-a9bd-41dde07ef8fd,2.0
a3bbffce-0381-11f0-ae3e-6f50c396c46c,1.2
a3bc1e1e-6553-11ef-aa27-97975e8f9ebf,1.0
a3bd77f8-6553-11ef-9c77-391ce81d0ed0,1.5333333333333334
a3c02260-fe79-11ef-ab4f-61aa7ff8f015,1.0
a3c0afa5-0381-11f0-9d2d-975c1aea824b,1.0
a3c0c448-fe79-11ef-bd65-0f373f438d5e,1.0
a3e88efd-87b0-11ee-ac80-e9621c3afa30,2.0
a3ec8be1-00ef-11ef-ad7e-33b9261ca49f,1.0
a3ed199e-00ef-11ef-9787-c177f07ce9ef,1.25
a3f1d94e-7cac-11ee-82cb-01850af7a82f,1.0
a3fc8059-bbbf-11ee-b4a5-bf7605c87b10,1.0
a40ceea2-c91c-11ef-8672-79f2a46e4fcf,1.0
a412d4d0-87b0-11ee-9c7c-6d5040aca22f,1.0
a42a1a31-c91c-11ef-97b6-9165bfbc41fb,1.0
a42e5d8b-fe79-11ef-9927-876aad3cb5f2,1.0
a42f179d-fe79-11ef-b1e9-63743800a21c,2.0
a431b19e-dbfa-11ee-826f-59ef9ef342fc,1.0
a4352d20-fe79-11ef-98de-2f53957df532,1.0
a43c1e97-c91c-11ef-a207-9165bfbc41fb,1.0
a45285be-cd0e-11ef-a968-05db8e74c3d1,1.0
a452e62f-c91c-11ef-a914-79f2a46e4fcf,1.0
a45930fa-7cac-11ee-9d8d-a37a1fb62917,1.0
a45af9f5-00ef-11ef-8242-f3223e68127f,1.0
a4611360-00ef-11ef-8caa-01ae46ab94c2,1.0
a46e9de9-3580-11ef-bbbe-a71d212fa2ee,1.0
a489d06c-d1b8-11ee-829e-21a703f82ba4,2.0
a4a430a8-d28e-11ef-bcfe-d996e7bce242,1.0
a4aefa97-d1b8-11ee-be40-0f8131577347,1.0
a4bea811-00ef-11ef-bec2-c177f07ce9ef,1.0
a4bfaa6d-c91c-11ef-8a72-618748a64d7c,1.0
a4c199cb-c91c-11ef-9dfd-2dfd7a2458ba,1.0
a4c511e4-fe79-11ef-9426-431ee6b105d2,1.0
a4c65ffc-0381-11f0-ab24-975c1aea824b,1.0
a4d0a96f-fe79-11ef-a010-c153f87af9a2,1.0
a4e0bf13-d1b8-11ee-b375-57f4a9a96916,1.0
a4e35c40-87af-11ee-958f-53c5162f89cb,1.25
a4e3c616-0381-11f0-9b5c-47f1d1a87b09,1.0
a4e5494a-0381-11f0-b311-9be73cf73f3c,1.0
a4e65164-c91c-11ef-8cd7-618748a64d7c,1.0
a4e84cb0-d28e-11ef-af07-43c4c6dbf0e2,3.0
a4fff3f3-c91c-11ef-a0db-e59bbd520065,1.0
a503868b-0381-11f0-a21f-47f1d1a87b09,1.0
a5046747-87af-11ee-b523-91d0ff8c2ae8,1.0
a506ba6a-c91c-11ef-b0e4-0f024c4b9134,1.0
a507afae-00ef-11ef-880c-735dea0e51f2,1.0
a51034dc-d28e-11ef-9d3e-cdb75a6626ab,1.0
a51d9e8e-d1b8-11ee-8315-0f8131577347,1.0
a52007cb-c91c-11ef-9d34-af42475695dd,1.0
a529a5c9-dbfa-11ee-b43b-59ef9ef342fc,1.0
a5447073-c91c-11ef-8959-49ef2505dbb1,1.0
a5447a6d-c91c-11ef-a6db-618748a64d7c,3.0
a546c4ef-c91c-11ef-b282-9165bfbc41fb,2.6666666666666665
a55f46de-3580-11ef-92a6-c33436442612,1.0
a55fb64c-3a37-11ef-a54e-a9d89498bca8,1.0
a55fbf46-d1b8-11ee-b996-57f4a9a96916,1.0
a55ffee1-d28e-11ef-8693-d996e7bce242,1.0
a5670661-c91c-11ef-82b7-49ef2505dbb1,1.0
a56fa029-c91c-11ef-81fb-0747faa6642c,1.0
a5847938-d28e-11ef-9cda-43c4c6dbf0e2,1.75
a589549c-3a37-11ef-8afa-c700b7db5a96,2.0
a591b19b-0381-11f0-93e8-a5015b56638d,1.0
a5a42af8-5c05-11ee-be54-1b0b2b488067,1.0
a5a92bfa-3580-11ef-b2ab-df1e0c1c6bf7,2.0
a5ab4e9a-87af-11ee-aeb8-732733f3f0af,1.0
a5acd777-7cac-11ee-88b7-d9ca98db89b0,1.0
a5bd15c1-d28e-11ef-bdcd-1f768faf7599,1.0
a5be7c21-d28e-11ef-bf75-07e957df5377,2.0
a5c5596f-fe79-11ef-86c1-5d61128389f1,1.0
a5c7c12e-d1b8-11ee-817a-2b99cdd0d35d,1.0
a5c9be1d-87af-11ee-9b64-9de8ebbd66f9,1.0
a5ccf7e9-87af-11ee-96df-4dde824d3e04,1.0
a5d44252-7cac-11ee-9993-89ac71a50093,1.0
a5dbd18c-c91c-11ef-9d31-b991a85ec7b1,1.0
a5dc3d5e-c91c-11ef-8d10-e59bbd520065,1.0
a5e21f84-0381-11f0-afb7-47f1d1a87b09,1.2
a5e920d4-fe79-11ef-a589-63743800a21c,1.0
a5fd42a5-87ae-11ee-99b3-e9ea53db7d03,1.0
a5fdd9b9-c91c-11ef-97f7-618748a64d7c,1.0
a612fe3d-3580-11ef-9f90-b95c680eda17,1.0
a621e474-c91c-11ef-987d-618748a64d7c,1.0
a62392b9-7cac-11ee-a05c-a1d3b1b045ec,2.0
a624c9c1-5c05-11ee-801b-cd565867991e,1.0
a629e0d7-0381-11f0-9c8e-47f1d1a87b09,1.0
a62b392c-5c05-11ee-a48a-c5d1f20046c4,1.0
a647bcc8-c91c-11ef-ae65-9165bfbc41fb,1.0
a648aeab-87af-11ee-81eb-c3d2aacc1ef5,1.0
a64a9b7b-c91c-11ef-95ec-0747faa6642c,1.0
a66691a7-c91c-11ef-8458-b14eb58b8166,1.0
a67c729b-0381-11f0-bebe-b7c6e9f7c284,1.0
a67e727b-3580-11ef-b81a-e3dea111e892,1.0
a68d0d91-5c05-11ee-afc6-e98c6d8ce4f3,1.0
a68efeac-c91c-11ef-b979-e59bbd520065,1.0
a69950cc-d1b8-11ee-ba01-b5ff625b2e5f,1.0
a6a59f13-3580-11ef-8daa-9f5580f564ef,1.5
a6bcb370-0381-11f0-b6b1-5f7d6487a7fb,1.0
a6bcc2fc-87af-11ee-8fc0-3314279aa0cf,1.0
a6e05d25-0381-11f0-ba84-b7c6e9f7c284,1.0
a705439d-d1b8-11ee-8812-21a703f82ba4,1.0
a705f616-c91c-11ef-ad76-814e6d4ae3ca,1.0
a70ba235-87ae-11ee-a96c-e9621c3afa30,1.0
a70dbdcf-00ef-11ef-807a-cbf0ded7df95,1.0
a72f8fa7-00ef-11ef-b3a1-6f2d4880f889,1.0
a73fc654-2901-11ef-8f1f-bd7b7ee6f8cd,2.0
a740ff1c-6553-11ef-87a5-e94a9f8d4781,1.0
a74ac93d-7cac-11ee-aece-6114a507d76c,1.0
a74b3aca-0381-11f0-94d7-cbbce0c9a79a,1.0
a7585269-c91c-11ef-9a68-49ef2505dbb1,1.0
a7599157-c91c-11ef-b235-df0c303219a0,2.0
a761de46-0381-11f0-9f91-978b16370c1e,1.0
a769de69-c91c-11ef-921c-49ef2505dbb1,1.0
a77ea314-fe79-11ef-b575-a9e707c44c08,1.0
a7805d57-d1b8-11ee-a253-2b99cdd0d35d,1.0
a7870aab-7cac-11ee-bc62-9da061e6d2f6,1.0
a7924b43-c91c-11ef-a682-af42475695dd,1.0
a7994b30-87ae-11ee-b7fb-5b1c7836bea7,1.0
a79d435a-c91c-11ef-82ee-af42475695dd,1.0
a7ae05d0-fe79-11ef-9c7d-c153f87af9a2,2.0
a7b324d0-c91c-11ef-bb03-df0c303219a0,1.0
a7ba6e38-c91c-11ef-a9fb-df0c303219a0,1.0
a7d5c67e-c91c-11ef-b9b9-552df2bf2527,1.0
a7e1d81d-0e5f-11f0-9426-d3e1386e7c02,1.0
a7e6a669-87af-11ee-961c-9de8ebbd66f9,1.3333333333333333
a7eb44c9-fe79-11ef-bea7-431ee6b105d2,1.0
a7f3c6a5-0e5f-11f0-b000-4780758a3d01,1.0
a7fc6cc5-00ef-11ef-b332-e55b60776baf,2.0
a802cf4a-c91c-11ef-9041-df0c303219a0,1.0
a81863a6-d1b8-11ee-b247-fbb7bec5a5f6,1.0
a81b5768-0e5f-11f0-b10c-cb4e323aa4c6,1.0
a828f537-00ef-11ef-82b5-735dea0e51f2,1.0
a82a7ffa-c91c-11ef-ab29-89ec1c2a34b3,1.0
a83c3097-c91c-11ef-9f48-85fff5c40a74,1.0
a83d1ed9-c91c-11ef-bf71-8d8be163a8c8,2.0
a8487369-87af-11ee-a31c-3314279aa0cf,1.0
a855ed7e-0381-11f0-9b7f-978b16370c1e,1.0
a85e2414-c91c-11ef-968d-0f024c4b9134,1.0
a86214f0-b702-11ee-ae81-d993a878cda0,1.0
a87d59ed-7cac-11ee-9ef5-2bf498febf4d,1.0
a881795d-fe79-11ef-88c2-2351d2c65a02,1.0
a8840102-c91c-11ef-9e43-b14eb58b8166,1.0
a884c0ec-b702-11ee-8bd5-d993a878cda0,1.0
a890b523-0381-11f0-ac96-978b16370c1e,1.0
a8a1e444-fe79-11ef-9a06-431ee6b105d2,1.0
a8bde1da-0381-11f0-b961-f7cff0795445,1.0
a8c5e542-00ef-11ef-9cb7-eb4b11ceca21,1.0
a8c68c0a-fe79-11ef-b3fe-752f650d36a2,1.0
a8c771a9-7cac-11ee-bb0e-c518b1c19f18,1.0
a8cf8a83-b702-11ee-93a0-5d6fff1d889f,1.0
a8fb0636-87af-11ee-9d7f-e9621c3afa30,1.0
a90776d0-fe79-11ef-9f2b-11e4a1225664,1.0
a9133366-fe79-11ef-9d15-63b1fa7dbda3,1.0
a9135b1c-c91c-11ef-a7f7-814e6d4ae3ca,1.0
a92fce1d-c91c-11ef-816a-0f024c4b9134,1.0
a93f8ab7-5c05-11ee-8ef8-c5d1f20046c4,1.0
a9455018-0381-11f0-8005-978b16370c1e,1.0
a94b048a-87ae-11ee-9cf8-53c5162f89cb,1.0
a9547fd8-c91c-11ef-8a94-552df2bf2527,1.0
a95d0354-fe79-11ef-9464-63b1fa7dbda3,1.0
a97fd212-b702-11ee-9bb5-57d74f6f1d96,1.0
a98d6371-5c05-11ee-83a0-a93d9bb5bd70,1.0
a996d950-c91c-11ef-b15c-b14eb58b8166,1.0
a9980e74-c91c-11ef-9214-dda69c08e9ab,1.0
a9a9b690-fe79-11ef-b8d2-cfe3d030a8b0,1.0
a9b13a54-00ef-11ef-881b-d1df6438463b,1.0
a9c6d85b-c91c-11ef-b089-af42475695dd,1.0
a9d82c95-7cac-11ee-8af9-a1d3b1b045ec,1.0
a9e87a9a-b702-11ee-8ac6-57d74f6f1d96,1.0
aa40524f-0381-11f0-a32a-1b1d94211f31,1.0
aa4554d6-c91c-11ef-9eee-dfbe149546aa,1.0
aa513762-87af-11ee-b996-d7acbb0efe09,1.0
aa56bc56-0381-11f0-934f-9173e719d15e,1.0
aa5bb3fb-6553-11ef-8514-bdd09b4a7b86,1.0
aa702d21-b702-11ee-b9d6-5d1c91d98257,1.0
aa7b4f74-7cac-11ee-8a64-d94219d221c1,1.0
aa7be5ef-fe79-11ef-9e0b-a9e707c44c08,1.0
aa7c7ac5-fe79-11ef-b13a-4f3e208a21b6,1.0
aa801789-fe79-11ef-9ee3-4d9bb6bda446,1.0
aa9fbb25-0381-11f0-b2eb-af1363747d78,1.0
aaa13070-e75b-11ef-9488-39e4a1ee014d,1.0
aaa3bbfa-5c05-11ee-8d6d-396baa429160,1.0
aaa8774e-fe79-11ef-aaba-4f3e208a21b6,1.0
aabedcf4-8fc4-11ee-afae-c90e107f903c,2.0
aacc4150-fe79-11ef-b178-431ee6b105d2,1.0
aacdba2a-c91c-11ef-9fa6-2dfd7a2458ba,2.0
aad68566-fe79-11ef-9ce5-431ee6b105d2,1.0
aaee76bb-fe79-11ef-8331-7b122f2c24ef,1.0
aaf0aa38-c91c-11ef-8142-7f15a6579f28,1.6666666666666667
aaf3c041-00ef-11ef-b69d-65ddd708ef08,1.0
ab0a2123-87ae-11ee-beb4-b3ee144f53a2,1.0
ab146d1e-c91c-11ef-bdf3-79f2a46e4fcf,1.0
ab17ead7-fe79-11ef-b9f6-d37799803219,1.0
ab1a3110-00ef-11ef-8ec3-c70dad89e7c1,1.0
ab1a8346-fe79-11ef-b1cb-a9e707c44c08,1.0
ab32cb9b-7cac-11ee-a29f-950054c3c69b,1.0
ab39963b-00ef-11ef-9aa2-e55b60776baf,1.0
ab4bdf22-87af-11ee-9887-23bd046534df,1.0
ab53b67d-7cac-11ee-8154-57f384460d50,2.0
ab59430c-c91c-11ef-8227-7f15a6579f28,1.0
ab5a0db3-c91c-11ef-94e7-79f2a46e4fcf,1.0
ab75e86d-6553-11ef-be07-9d218a7b0c31,1.0
ab85c3e8-fe79-11ef-ab81-772a450c1727,1.0
ab9d00ce-c91c-11ef-87eb-79f2a46e4fcf,1.0
ab9e8b4b-c91c-11ef-bd6b-b14eb58b8166,1.0
aba382db-0381-11f0-a783-dd65ea3a47a6,2.0
abb6797a-fe79-11ef-9f37-61aa7ff8f015,2.0
abc2b51a-c91c-11ef-8ce7-8d8be163a8c8,1.0
abcec8be-87ae-11ee-bf1e-c7194e2b053a,1.0
abcf7d23-5c05-11ee-b9b7-6db7554169a7,1.0
abd325b0-147f-11ef-a63b-154f568fdb27,1.4444444444444444
abe94e02-c91c-11ef-a428-0747faa6642c,1.0
abeafec3-87ae-11ee-9b68-a34456479055,1.0
abed43a6-fe79-11ef-8abc-752f650d36a2,1.5
abf343c2-7cac-11ee-808d-a37a1fb62917,1.0
abf463a5-5c05-11ee-b08b-396baa429160,1.0
ac01e2af-c91c-11ef-b0de-7f15a6579f28,1.0
ac01e574-8fc4-11ee-b395-eb1a0e53628f,1.0
ac0ca40e-fe79-11ef-9883-4d9bb6bda446,1.0
ac10dc89-fe79-11ef-a847-3945c053dfeb,1.0
ac15d1e8-2a80-11f0-8a74-b1b73df4dfb3,1.0
ac1efa8e-147f-11ef-b468-19ae439f6690,1.0
ac2000f1-b702-11ee-98d1-1dc62c040e5f,1.0
ac2020cd-b702-11ee-9e83-d993a878cda0,1.25
ac224bb6-c91c-11ef-8c43-8d8be163a8c8,1.75
ac23b981-c91c-11ef-9df4-0747faa6642c,1.0
ac42a6b2-c91c-11ef-bdaf-0747faa6642c,1.0
ac5029c6-87ae-11ee-a37e-dfee4fec3486,1.0
ac68c047-147f-11ef-ba2e-154f568fdb27,1.0
ac8554dc-6553-11ef-acb2-ada2101c3484,1.0
ac8b0fbf-fe79-11ef-a604-e1da93d834c2,1.0
ac8d4ebc-87ae-11ee-9f68-1196eebe7cfc,1.0
ac8e897e-c91c-11ef-ab08-618748a64d7c,1.0
ac940c3b-b702-11ee-b104-75692c03c132,3.0
ac943cad-b702-11ee-a74e-e9e8d7b0d186,2.0
acab6c67-c91c-11ef-b030-fb9247527eaf,1.0
acad3e7e-6553-11ef-ae0b-ada2101c3484,1.0
acb04fa7-c91c-11ef-843c-85fff5c40a74,1.0
accc8246-c91c-11ef-b864-9165bfbc41fb,1.5
accd604f-0381-11f0-86a3-9173e719d15e,2.0
acd21e2d-7cac-11ee-96f2-871b9617e854,1.0
acd315d7-7cac-11ee-9d6c-01850af7a82f,1.0
acedbae4-c91c-11ef-8916-79f2a46e4fcf,1.0
ad0a1c96-7cac-11ee-b47e-dbb50f1402da,1.0
ad1b9516-0381-11f0-ab87-1b1d94211f31,1.0
ad1d230d-fe79-11ef-8da8-6b21210bd277,1.0
ad256976-5c05-11ee-9e14-396baa429160,2.0
ad46e823-fe79-11ef-b76b-d37799803219,1.0
ad47bfc6-fe79-11ef-baa0-3945c053dfeb,1.0
ad5513c5-c91c-11ef-8dab-dda69c08e9ab,1.0
ad6a8d16-5c05-11ee-9f46-6da257d8c5a4,1.0
ad74ec69-b702-11ee-8db0-ad38a7510008,1.0
ad7d6d3b-c91c-11ef-ae7a-79f2a46e4fcf,1.0
ad7fa8c5-c91c-11ef-bb48-85fff5c40a74,1.0
ad8ce600-5c05-11ee-8558-6d2af52eeec4,1.0
ad950284-fe79-11ef-8f89-2f53957df532,1.0
ad96d1a1-c91c-11ef-8a3a-9165bfbc41fb,2.0
ad9bb5d7-c91c-11ef-9b69-552df2bf2527,2.85
adafbe25-87af-11ee-8912-2b1d0885071f,1.0
adb3617d-00ef-11ef-a3d0-bffb9c32c7b7,1.0
adb7601e-3fbf-11ee-b385-71a9687d6cc4,2.0
adbaabab-00ef-11ef-94fa-bffb9c32c7b7,1.0
adbc9072-c91c-11ef-8c34-85fff5c40a74,1.0
adbd6fd5-87ae-11ee-a4cb-dfee4fec3486,1.0
adbddda6-3fbf-11ee-83a8-ad44a847d8a2,1.0
adc27da8-3fbf-11ee-a3b9-c38c4dadcf4b,1.0
adc43739-3fbf-11ee-a8e6-2d240c911559,1.0
adcd380d-fe79-11ef-b7cf-e39cdb247c3c,1.0
add0666d-3fbf-11ee-ab60-ad44a847d8a2,1.0
ade042cc-3fbf-11ee-8d5a-c38c4dadcf4b,3.0
ade515a0-b702-11ee-8055-c965b14d4ccb,1.0
adf404ac-fe79-11ef-87df-772a450c1727,1.0
adfc2450-fe79-11ef-9be6-a9e707c44c08,1.0
ae1a698b-0381-11f0-85fc-47f1d1a87b09,2.0
ae248b69-c91c-11ef-8084-29d0a367dc11,1.0
ae3ae04e-fe79-11ef-abb3-4d9bb6bda446,1.0
ae4435b4-c91c-11ef-9132-a5fe370473f1,1.0
ae444734-87ae-11ee-a96a-dfee4fec3486,1.0
ae456ebb-c91c-11ef-884d-fb9247527eaf,1.0
ae50e75e-6553-11ef-ac5f-bdd09b4a7b86,1.0
ae6ff1d6-87ae-11ee-8e37-055528d76b1d,1.0
ae83bf36-fe79-11ef-ba0a-539c35cdadf8,1.0
aea1da3a-0381-11f0-b5a3-dd65ea3a47a6,1.0
aea915dd-00ef-11ef-aac0-5795f4f9b06a,1.0
aeaa1bc9-fe79-11ef-a6f9-4f3e208a21b6,1.0
aec407b6-0381-11f0-bd19-5f7d6487a7fb,1.3333333333333333
aecedec2-fe79-11ef-83e8-cfe3d030a8b0,1.0
af06ff4d-0381-11f0-b8db-77452984348a,1.75
af087ee9-6553-11ef-bc7b-9558f2940197,1.0
af0d2930-0381-11f0-8532-47f1d1a87b09,1.0
af1d8603-fe79-11ef-beb4-0f373f438d5e,1.0
af240913-fe79-11ef-94bf-e3486a4adec5,1.0
af249455-0381-11f0-a019-978b16370c1e,2.0
af679408-fe79-11ef-81d0-6b21210bd277,1.0
af891c55-b702-11ee-b2db-5d1c91d98257,1.0
afbd84f0-87ae-11ee-abb6-0d1196180fff,1.0
afd9f7cd-00ef-11ef-a30f-6f2d4880f889,1.0
b0163e88-87ae-11ee-9613-a34456479055,1.0
b0218a97-c91c-11ef-9154-5de8967c7b0a,1.0
b02a2eef-fe79-11ef-8d66-11e4a1225664,1.0
b02bfb3f-87af-11ee-a8c0-c14a6c4c1780,1.0
b032f9e1-dbfa-11ee-adb3-5d78e7460345,1.0
b03d4412-c91c-11ef-bbe3-e59bbd520065,1.0
b053a33c-fe79-11ef-b450-63743800a21c,1.0
b06f91f9-00ef-11ef-ade4-59a55ccbf2d0,1.0
b0a28da3-87ae-11ee-acb5-0d1196180fff,1.0
b0a61427-c91c-11ef-b3c5-2dfd7a2458ba,1.0
b0bdfec5-fe79-11ef-91b6-a9e707c44c08,1.0
b0cb2c61-c91c-11ef-a674-618748a64d7c,1.0
b0de90cc-6553-11ef-bfbf-391ce81d0ed0,1.0
b12b54b9-fe79-11ef-9fe5-15d5ad73555b,1.0
b14b6f3c-fe79-11ef-8087-3945c053dfeb,1.0
b15b6075-b3df-11ee-b23b-2d11d65f488a,2.0
b16a664a-c91c-11ef-9cb4-0747faa6642c,1.0
b16ed0d1-fe79-11ef-917a-4f3e208a21b6,1.0
b181bbcc-5c8c-11ee-b638-976865a999e1,1.0
b1853224-87ae-11ee-9330-f30dd2de4340,2.0
b1a02aa9-6553-11ef-a5d7-fbe5dfa628c9,1.0
b1a5b201-b3df-11ee-9e66-dbd754384e09,1.0
b1b43506-c91c-11ef-a431-fb9247527eaf,1.0
b1d1b03e-c91c-11ef-8829-29d0a367dc11,1.0
b1db3003-fe79-11ef-a105-5d61128389f1,1.0
b207fae8-5c8c-11ee-a50a-bb7a6283a56e,1.1
b2158a13-00ef-11ef-96f7-67d1a8de9d6d,1.0
b21f812c-fe79-11ef-8c56-07e0f781b7e3,1.0
b2326c3e-c91c-11ef-bc7e-29d0a367dc11,1.0
b235c6b7-c91c-11ef-bef1-552df2bf2527,1.0
b23a9765-00ef-11ef-a9d1-a1552ccd6d58,1.0
b2587e83-c91c-11ef-ad78-49ef2505dbb1,1.0
b25bbe4b-c91c-11ef-84fc-552df2bf2527,1.0
b278fbb1-c91c-11ef-ae11-79f2a46e4fcf,1.0
b27f001e-00ef-11ef-83a3-bffb9c32c7b7,1.0
b2a17f46-87ae-11ee-a40e-0d1196180fff,1.0
b2b3e7bc-b3df-11ee-bc09-03de7769b745,1.0
b2c56df3-5c8c-11ee-83a9-21a64489aab7,1.0
b2c892cb-e173-11ee-8bfd-614e490378e2,2.0
b2d19eaa-c91c-11ef-bc52-552df2bf2527,1.0
b2d22644-b3df-11ee-9161-a9a789f8a0cc,1.0
b2ee96f4-6553-11ef-9aba-47b4bc42fb01,1.0
b2ef6a89-5c8c-11ee-b779-976865a999e1,1.0
b2fd5981-c91c-11ef-a342-9165bfbc41fb,1.0
b307bfe8-87af-11ee-8289-0d1d2e8a13f9,2.0
b31de814-c91c-11ef-b5b6-0747faa6642c,1.0
b326ee4c-00ef-11ef-9264-6f2d4880f889,1.0
b3347bb0-87ae-11ee-9f5f-055528d76b1d,1.0
b34351dc-c91c-11ef-8cfb-ed4cc1d51f82,1.0
b34d174c-c91c-11ef-89b9-3ff358578318,1.0
b36a28d6-c91c-11ef-8d70-e59bbd520065,1.0
b36d4537-00ef-11ef-b26c-df2f476d6baf,1.0
b3d8b29a-6553-11ef-977c-032e817338ea,1.0
b3e5359d-87af-11ee-8532-c14a6c4c1780,1.0
b3e9c44e-e566-11ee-9a78-a10e6676aecf,1.0
b42a05fa-089f-11f0-a03a-f947f31fa505,1.0
b43a5080-c91c-11ef-84b5-49ef2505dbb1,1.0
b43ab7a1-c91c-11ef-9dad-a5fe370473f1,1.0
b44abd27-089f-11f0-a187-4143e5a28dad,1.0
b45d20ff-c91c-11ef-9432-a12fc50370e3,1.0
b464ce1b-c91c-11ef-ba6d-dda69c08e9ab,1.0
b48364dc-c91c-11ef-bc29-49ef2505dbb1,1.0
b483eb94-c91c-11ef-9c39-0f024c4b9134,1.0
b49ed914-cea0-11ef-a456-8b0ecf41038d,1.0
b4a07aa0-cea0-11ef-ba2f-896ac69ff8cc,1.0
b4a212f9-87ae-11ee-a85b-1196eebe7cfc,1.0
b4ae339c-089f-11f0-a96c-4d2f1fdddce5,1.0
b4ae3a02-089f-11f0-bce3-f947f31fa505,2.0
b4c5ff1e-cea0-11ef-a8aa-8d7cde7f0501,1.0
b4cd4107-089f-11f0-88a5-4d2f1fdddce5,1.0
b4fffb87-c91c-11ef-9626-ed4cc1d51f82,1.0
b5035837-6553-11ef-92dd-2f83138af8cf,1.0
b525fbd5-00ef-11ef-a12d-bffb9c32c7b7,1.0
b52943fb-00ef-11ef-af99-eb4b11ceca21,1.0
b543a29e-5c8c-11ee-9313-8d18ec94c4a9,1.0
b5440408-c91c-11ef-acc3-ed4cc1d51f82,1.0
b544a26c-c91c-11ef-971d-49ef2505dbb1,1.0
b5476588-c91c-11ef-b9e0-af42475695dd,1.0
b58b60a4-c91c-11ef-a810-29d0a367dc11,1.0
b58c3be3-c91c-11ef-94f0-7ffe16aea750,1.0
b58ddbbb-c91c-11ef-8c6b-af42475695dd,1.0
b59725f4-065a-11ef-84cd-7bd80bb04a62,1.0
b5c2386f-e173-11ee-8b52-73f2c83d93d5,1.0
b5c6d322-d80e-11ef-8f0d-7f8bfeadd277,1.0
b5c8cd25-d80e-11ef-a13a-d794e6bec857,1.0
b5ce0d96-6155-11ee-b9e0-490df0b8ea97,1.0
b5d03584-c91c-11ef-803a-89ec1c2a34b3,1.0
b5d449b9-c91c-11ef-a12c-814e6d4ae3ca,1.0
b621e728-c91c-11ef-9ccd-a5fe370473f1,1.0
b6249fda-d80e-11ef-9d79-d794e6bec857,1.0
b6297561-cea0-11ef-ae10-cb608803a2c4,1.0
b63a5243-c91c-11ef-9a08-b5ae563961d2,1.0
b64d5070-d80e-11ef-a441-7f8bfeadd277,1.0
b66b3726-00ef-11ef-9c1e-df2f476d6baf,2.0
b67d7d18-e566-11ee-b8df-f3a0cdbaccd0,1.0
b68419c5-065a-11ef-ac1f-f544b2efde93,1.0
b6865524-5c8c-11ee-9da7-2dd436194297,1.0
b68f865f-cea0-11ef-a0e9-cb608803a2c4,1.0
b692919f-d80e-11ef-8518-8beaf7c37f5b,1.0
b6a2f441-e173-11ee-a020-a5165868e896,1.0
b6a6ef4f-00ef-11ef-ac6f-df2f476d6baf,2.0
b6b055d2-cea0-11ef-9d2b-7bbad4c35942,1.0
b6b99260-d80e-11ef-999b-8beaf7c37f5b,1.0
b6d01f5c-c91c-11ef-90de-afa31ead099f,1.0
b6d35e29-cea0-11ef-a03f-8b0ecf41038d,1.0
b6db8fdc-87af-11ee-989a-c14a6c4c1780,1.0
b6f8f212-cea0-11ef-9995-b916b286fe3c,1.0
b701716b-cea0-11ef-96da-ff555f7b8df5,1.0
b712a376-c91c-11ef-8e25-0f024c4b9134,1.0
b7132b70-00ef-11ef-8bd5-43a01a72ba23,1.0
b7133f36-00ef-11ef-a4da-bb259266ec21,1.0
b71390ee-065a-11ef-848b-d725b36229b2,1.0
b7168e5e-c91c-11ef-8748-cdbe9e060e02,1.0
b71b4033-d80e-11ef-93b4-79c8dc1ef63b,1.0
b732f661-00ef-11ef-838d-bb259266ec21,1.0
b7386657-c91c-11ef-94ee-49ef2505dbb1,1.0
b741959e-cea0-11ef-8868-b916b286fe3c,2.0
b743bfb4-cea0-11ef-9b05-df11aabd57ff,1.0
b74bae9d-6553-11ef-825b-97975e8f9ebf,1.0
b7603510-f50b-11ef-97a2-0b5f9bd7477a,1.0
b762ef90-cea0-11ef-98f8-8b0ecf41038d,1.0
b766b1e2-d80e-11ef-981e-4ba97febae2a,1.0
b778abc0-c91c-11ef-b811-0f024c4b9134,1.0
b779f502-c91c-11ef-92f3-89ec1c2a34b3,1.0
b78016be-f50b-11ef-9e26-97a65c13b1d0,1.0
b7815034-f50b-11ef-af2b-e927f0d6ccd6,1.0
b78ca290-818c-11ef-8a98-1f3d21da67fc,1.0
b7a28bb0-00ef-11ef-8924-67d1a8de9d6d,1.0
b7a767b3-5c8c-11ee-b300-8d18ec94c4a9,1.0
b7b79193-c91c-11ef-965c-dbe90958e990,1.0
b7d78db0-cea0-11ef-bd65-8b0ecf41038d,1.0
b7db0199-c91c-11ef-b702-3ff358578318,1.0
b7f09f55-6553-11ef-b41f-0bd4b00a9165,1.0
b7fc0306-c91c-11ef-87bc-89474d251137,1.0
b806cd09-c91c-11ef-9d42-7ffe16aea750,2.0
b8242072-065a-11ef-9bac-fbd74f214cc3,1.0
b825caeb-c91c-11ef-8f7c-b5ae563961d2,1.0
b8271183-f50b-11ef-9696-ddce53edc0f2,1.0
b8322029-6553-11ef-9b03-835364c0d5d7,1.0
b840e39a-87af-11ee-9655-ad67c4d84646,1.0
b844e7be-c91c-11ef-91ca-89ec1c2a34b3,1.0
b849b58f-cea0-11ef-835c-f7db09335168,1.0
b84a40ce-87ae-11ee-bbf5-f30dd2de4340,1.0
b8535eed-6553-11ef-8830-9d218a7b0c31,1.0
b869eebd-f50b-11ef-8677-8d11bfedb547,1.5
b86ccc47-c91c-11ef-ac03-552df2bf2527,1.0
b86cdb5a-cea0-11ef-98fe-8d7cde7f0501,1.0
b86f29a5-cea0-11ef-bf3a-752e5dd7f6b0,1.0
b87118b8-f50b-11ef-83af-ddce53edc0f2,1.0
b872e2b4-6553-11ef-bfbf-ff22136fc3e1,1.0
b8742532-224b-11ee-b7f0-2f5f8e7ead2c,1.0
b880cd87-224b-11ee-a60e-5be0bb39f7b7,1.5
b88f746f-f50b-11ef-8fa4-8d11bfedb547,1.0
b8979cb5-cea0-11ef-a797-c1a8adb03371,1.0
b8ab42ab-d80e-11ef-928a-d794e6bec857,1.0
b8ac51de-c91c-11ef-b174-a12fc50370e3,1.0
b8b3594f-f50b-11ef-af76-cf52e869ca62,1.0
b8b56850-6553-11ef-8e0b-c1181148dbe6,1.0
b8b98a5a-cea0-11ef-9d22-896ac69ff8cc,1.0
b8ba42a6-d762-11ef-9b73-f78513859de6,1.0
b8c8df39-87ae-11ee-b757-f30dd2de4340,1.0
b8d15beb-00ef-11ef-b1ac-d1df6438463b,1.0
b8d284bc-f50b-11ef-b65b-e35eb0df7a3b,1.0
b8d50edb-f50b-11ef-bb3b-cf52e869ca62,1.0
b8ea9a63-87af-11ee-836c-e35a688b4e60,1.0
b8f93b28-065a-11ef-b08c-2daed78e0287,1.0
b8fd1518-f50b-11ef-aa3e-97a65c13b1d0,1.0
b9015029-cea0-11ef-999e-094b833f90eb,1.0
b912be5a-6553-11ef-89ae-2f83138af8cf,1.0
b9143d5f-c91c-11ef-9c15-49ef2505dbb1,1.0
b9151b5b-87af-11ee-a830-673ff96890dd,1.0
b91944e8-f50b-11ef-91a9-cf52e869ca62,1.0
b9197af4-c91c-11ef-8a09-89ec1c2a34b3,1.25
b92be970-cea0-11ef-aa55-15e99a7cf2dd,1.0
b937c318-c91c-11ef-942e-7f15a6579f28,1.0
b94086db-d80e-11ef-b904-25f750c1eb66,1.0
b94daf47-cea0-11ef-8fe9-ff555f7b8df5,1.0
b95b6883-f50b-11ef-83e4-8d11bfedb547,1.5
b95df615-c91c-11ef-9832-af42475695dd,2.25
b974abd0-cea0-11ef-b6b2-896ac69ff8cc,1.0
b98881bd-c91c-11ef-9840-cdbe9e060e02,1.0
b992d590-87ae-11ee-89b7-dfee4fec3486,1.0
b9971eee-6553-11ef-b67b-ada2101c3484,1.0
b99ce43d-c91c-11ef-8094-552df2bf2527,1.0
b99cfe03-c91c-11ef-823d-0f024c4b9134,1.0
b99d2e2c-c91c-11ef-b37d-55c7f88dbb02,2.0
b99d345e-c91c-11ef-a5ea-89ec1c2a34b3,1.0
b9b8cd28-d80e-11ef-8b8b-d794e6bec857,1.0
b9b91342-f50b-11ef-8998-9369c098ef13,1.0
b9b95ff5-f50b-11ef-8a07-01e921e4fdde,1.0
b9bd4db0-f50b-11ef-bb6e-e35eb0df7a3b,1.0
b9bed50c-c91c-11ef-9fb7-7f15a6579f28,1.6
b9bf6b46-c91c-11ef-a2d8-af42475695dd,1.0
b9c1c981-4eae-11ef-9408-d1a67ba81cb0,1.0
b9d74248-f50b-11ef-a5be-41fe63f0430a,1.0
b9dd45fa-f50b-11ef-a6c6-3923ba210ecc,1.0
b9df781c-d80e-11ef-a484-8fd9f9bd6653,1.0
b9e7759a-cea0-11ef-be07-df11aabd57ff,1.0
b9f81789-f50b-11ef-81e9-db50a7067115,1.0
b9f88cf1-7ffd-11ee-a3e7-ebd352a293e9,1.0
ba1792e5-f50b-11ef-a63a-c7b27bbc376e,1.0
ba252eb6-c91c-11ef-925f-552df2bf2527,1.0
ba3e6588-f50b-11ef-ad88-9369c098ef13,3.0
ba490caf-c91c-11ef-9944-7f15a6579f28,3.4
ba4c5af1-c91c-11ef-8d4f-b5ae563961d2,1.0
ba516f18-cea0-11ef-9431-8985b6e8e0fc,1.0
ba596607-d80e-11ef-acdb-8beaf7c37f5b,1.0
ba599308-f50b-11ef-b0f5-db50a7067115,1.0
ba7aeac4-f50b-11ef-9474-5b598b50abd6,1.0
ba7b79cb-f50b-11ef-8204-9369c098ef13,1.0
ba7dc754-cea0-11ef-8709-cb608803a2c4,1.0
ba80fab5-f50b-11ef-8b70-fda0e987de6b,1.0
ba83ab33-f50b-11ef-9832-2b5eb2c4d541,1.0
ba8ae304-00ef-11ef-ac92-2bb7092e985b,1.0
ba9068a9-c91c-11ef-b5ac-0747faa6642c,1.6666666666666667
ba9e4d32-f50b-11ef-a9ed-41fe63f0430a,1.0
bab763e2-c91c-11ef-87a8-b14eb58b8166,1.0
babc7a0a-c91c-11ef-9485-6f6100afdc42,1.5
bac3c4f9-cea0-11ef-898d-ff555f7b8df5,1.0
bac44050-f50b-11ef-9c0c-c3ead5fa1224,1.0
bac47614-f50b-11ef-8c2a-e35eb0df7a3b,1.0
bada35c2-c91c-11ef-890d-0747faa6642c,1.0
badff0d9-f50b-11ef-a941-e35eb0df7a3b,1.0
bae221fc-f50b-11ef-b8a4-fda0e987de6b,1.0
bae69129-cea0-11ef-a0be-cb608803a2c4,1.0
bae80b93-f50b-11ef-8280-e35eb0df7a3b,1.0
bb0a6844-87ae-11ee-8833-e9621c3afa30,1.0
bb0aa30a-cea0-11ef-a6f3-c1a8adb03371,2.0
bb141a5d-00ef-11ef-bd1f-8fab9363761b,1.0
bb144dae-cea0-11ef-a504-752e5dd7f6b0,1.0
bb1d4b56-c91c-11ef-aacd-79f2a46e4fcf,1.0
bb20ef35-cea0-11ef-8c7d-6501c37cbd2b,1.0
bb21ec2c-c91c-11ef-98e8-7f15a6579f28,1.0
bb22aaea-c91c-11ef-ac31-a5fe370473f1,1.3333333333333333
bb421c95-c91c-11ef-b35d-552df2bf2527,1.0
bb42c64c-c91c-11ef-8191-ff4643792f73,1.0
bb44f313-c91c-11ef-8487-814e6d4ae3ca,1.0
bb484d93-c91c-11ef-82c8-fb9247527eaf,1.0
bb485c13-d80e-11ef-aa2c-93513518243a,1.0
bb4a7d78-c91c-11ef-a20d-814e6d4ae3ca,1.0
bb524dc7-cea0-11ef-9c86-c1a8adb03371,2.0
bb54616c-f50b-11ef-b7c4-c3ead5fa1224,1.0
bb6b254d-d80e-11ef-851a-8beaf7c37f5b,1.0
bb7e909a-cea0-11ef-9a95-a79ae467c671,1.0
bb91343d-d80e-11ef-9f56-65af12325d01,1.0
bba67c8b-065a-11ef-abeb-2fc9228dd878,1.0
bbb04d28-c91c-11ef-aa77-6f6100afdc42,1.0
bbe26fa7-d80e-11ef-b6fd-25f750c1eb66,1.0
bbe73130-065a-11ef-988f-11c93b5bef9d,3.0
bbed35cf-f50b-11ef-a958-41fe63f0430a,1.0
bbf637cf-c91c-11ef-a350-552df2bf2527,1.0
bbfc7f76-00ef-11ef-b008-8bb14df5f82f,1.0
bc0d8b21-c91c-11ef-9948-6bada8ee1175,1.3333333333333333
bc0e7b95-f50b-11ef-b64c-c3ead5fa1224,1.0
bc234866-f50b-11ef-95b6-e35eb0df7a3b,1.0
bc355e1e-d80e-11ef-a2a2-8fd9f9bd6653,1.0
bc359650-cea0-11ef-9565-f7db09335168,1.0
bc3720ec-cea0-11ef-a6d1-094b833f90eb,1.0
bc391da9-c91c-11ef-a2b9-df0c303219a0,2.0
bc45ff81-6553-11ef-b70f-9558f2940197,1.0
bc50bc3e-c91c-11ef-af6f-afa31ead099f,1.0
bc512347-c91c-11ef-addd-7ffe16aea750,1.0
bc567bed-c91c-11ef-a12c-b14eb58b8166,1.0
bc58da9c-c91c-11ef-840f-79f2a46e4fcf,1.0
bc5e8a41-08f3-11f0-9608-252c01817b6c,1.0
bc6b4e9b-6553-11ef-b78b-ada2101c3484,1.0
bc803f93-d80e-11ef-a42a-93d4a8e2670f,1.7058823529411764
bc9a5e98-c91c-11ef-87da-79f2a46e4fcf,1.0
bcafd156-d80e-11ef-b2d9-5fec75f382bd,1.0
bcbec8e5-f50b-11ef-96bb-e35eb0df7a3b,1.0
bcbf3dbe-f50b-11ef-916a-c3ead5fa1224,1.0
bcccb7a4-f50b-11ef-9f52-e35eb0df7a3b,2.0
bcd35139-5c8c-11ee-9a55-1ba0bbfc0b0a,1.0
bce5cbe2-c91c-11ef-a422-0747faa6642c,1.0
bce97f0b-6553-11ef-a0de-97975e8f9ebf,1.0
bceaa2ea-cea0-11ef-8964-639db42a56da,1.0
bced2448-f50b-11ef-818b-e35eb0df7a3b,2.6666666666666665
bd01c896-c91c-11ef-98bf-0747faa6642c,1.0
bd0479ed-c91c-11ef-9aec-814e6d4ae3ca,1.0
bd1e9031-065a-11ef-bcd3-e78f46dc4082,1.0
bd2c78f9-d80e-11ef-998c-b1146b8263a5,1.0
bd31b4dc-f50b-11ef-8896-fda0e987de6b,1.0
bd389b3d-cea0-11ef-be65-df11aabd57ff,1.0
bd3c12d9-da5b-11ee-8235-4b32167012d6,1.0
bd443a13-c91c-11ef-a855-ed4cc1d51f82,1.0
bd517f13-f50b-11ef-acab-41fe63f0430a,1.0
bd5266d3-d80e-11ef-bf6f-95f3ed4515ad,1.0
bd60d24a-87ae-11ee-a362-e383dbaa74d1,1.0
bd650a48-cea0-11ef-b11a-df11aabd57ff,1.0
bd67d16a-6553-11ef-b271-bdd09b4a7b86,1.0
bd71df69-00ef-11ef-abd5-43a01a72ba23,1.0
bd83a028-cea0-11ef-85f4-8b0ecf41038d,1.0
bd8de9fe-c91c-11ef-92ef-e59bbd520065,1.5
bd8fcea1-c91c-11ef-bd8b-afa31ead099f,1.0
bd91d4a6-c91c-11ef-858c-dda69c08e9ab,1.0
bda3d05b-f50b-11ef-82ad-c3ead5fa1224,1.0
bdaa5547-cea0-11ef-95ac-7bbad4c35942,1.0
bdb19860-c91c-11ef-b02b-3ff358578318,1.0
bdb63f3f-87ae-11ee-9c17-e9621c3afa30,1.0
bdc45c4c-da5b-11ee-ab30-79f6862b8543,2.0
bdc60299-f50b-11ef-8d06-eb6b9f66ce85,1.0
bdcaf0d4-d80e-11ef-8f70-b1146b8263a5,1.4
bdd2216d-87af-11ee-b7bf-c14a6c4c1780,2.0
bdd5aafa-5c8c-11ee-ba62-cdb5f70357d8,1.0
bdd770b8-00ef-11ef-8527-2b02edc13676,1.2857142857142858
bdd8b7c6-c91c-11ef-bf69-9d2cb28a0e5a,1.0
bdefd122-c91c-11ef-8d30-49ef2505dbb1,1.0
bdf37207-c91c-11ef-a4c9-3ff358578318,1.0
be0e17f1-f50b-11ef-9119-97a65c13b1d0,1.0
be11599f-d80e-11ef-b3b8-df7565156f14,1.0
be1990f7-c91c-11ef-abd2-fd19af548ae0,2.0
be221154-00ef-11ef-86c6-c70dad89e7c1,1.5
be263508-87ae-11ee-be78-7f241295132f,1.0
be267561-f50b-11ef-9dc9-c3ead5fa1224,1.0
be27311a-87af-11ee-aef1-055528d76b1d,1.0
be3384e4-c91c-11ef-bcdd-cddfdaf0d046,1.0
be3486f8-c91c-11ef-9bd1-7f0502f7ef9a,1.0
be3e87af-cea0-11ef-b7f7-df11aabd57ff,1.0
be5db85c-da5b-11ee-82b0-79f6862b8543,1.0
be602c45-cea0-11ef-bc3f-cb608803a2c4,1.0
be607bf8-cea0-11ef-afc5-d5e6352ffc21,1.0
be6165e0-da5b-11ee-b50c-d19b7798dc8a,1.0
be61d40d-d80e-11ef-bf99-cb6f6ce867ec,1.0
be71a053-7f6f-11ef-9b9a-737b2629ab9f,2.25
be77bd90-5c8c-11ee-a2b3-5fc75189c5b9,1.0
be9c552a-f50b-11ef-bfae-41fe63f0430a,2.0
bea35a59-da5b-11ee-9bd4-79cbf933c203,1.6
bea86461-cea0-11ef-ba76-639db42a56da,1.0
beb16fd8-da5b-11ee-9880-79f6862b8543,1.0
beb45dfc-6553-11ef-a095-11b9ba6815eb,1.0
bebbf34a-f50b-11ef-91be-41fe63f0430a,1.0
bec1a337-c91c-11ef-8697-5d90d6f8f811,1.0
bedad234-d80e-11ef-b9e1-7f8bfeadd277,1.0
bef03a11-d80e-11ef-82eb-6542992302d1,1.0
bef0dd20-d80e-11ef-8952-25f750c1eb66,1.0
bef82f70-cea0-11ef-b588-7bbad4c35942,1.0
befbcc0b-5c8c-11ee-b284-01905891bb7f,1.0
bf026a61-d80e-11ef-ade9-33f8c12257be,1.0
bf1c6c19-5c8c-11ee-abc6-2b96959b84a6,1.0
bf20db8c-cea0-11ef-85c4-7bbad4c35942,1.0
bf257a38-c91c-11ef-91c6-6bada8ee1175,1.0
bf291152-da5b-11ee-b56e-076899bc1df2,1.0
bf5f7290-d80e-11ef-b8d6-33f8c12257be,1.0
bf610466-d80e-11ef-9ce7-4ba97febae2a,1.0
bf674bde-cea0-11ef-be97-d5e6352ffc21,1.0
bf896af5-c91c-11ef-97da-9165bfbc41fb,2.0
bf8c2991-cea0-11ef-816c-d5e6352ffc21,1.0
bfa85a06-d80e-11ef-b4aa-836c13b41063,1.0
bfae47ac-c91c-11ef-8253-7f15a6579f28,1.0
bfb286c1-cea0-11ef-88ba-f9ac708178de,1.0
bfb8baae-87ae-11ee-85d9-dfee4fec3486,1.0
bfcbb43f-6553-11ef-aadd-835364c0d5d7,1.0
bfd4e137-6553-11ef-9041-f9fd2c48f694,1.0
bffb7695-d80e-11ef-8d62-cb6f6ce867ec,1.0
bffe66c4-cea0-11ef-9fab-15e99a7cf2dd,2.0
c0623153-c91c-11ef-a963-552df2bf2527,1.0
c07b477c-00ef-11ef-b4ce-e1f7813365b4,1.0
c09ec500-c91c-11ef-83fd-7f15a6579f28,1.0
c0a8ca5b-d80e-11ef-888e-95f3ed4515ad,1.0
c0b94b14-cea0-11ef-9dfc-094b833f90eb,1.0
c0da8403-87af-11ee-b0d3-ed18b20d40fa,1.0
c0e1776d-cea0-11ef-81d5-cb608803a2c4,1.0
c0e3a01b-c91c-11ef-8956-47af70c706a6,1.0
c0e3b4e9-c91c-11ef-a0cd-afa31ead099f,1.0
c0e636ba-c91c-11ef-a0ab-7f0502f7ef9a,1.0
c0e98141-c91c-11ef-b871-6bada8ee1175,1.0
c0eb8231-87ae-11ee-88d7-23bd046534df,1.0
c14febc1-cea0-11ef-aac1-df11aabd57ff,1.0
c1508bbf-87ae-11ee-b6fa-a5c24ba7db6e,1.0
c15d7d64-d80e-11ef-b93d-6542992302d1,1.0
c15f09e7-87af-11ee-804d-d7acbb0efe09,1.0
c16d486a-c91c-11ef-9791-e59bbd520065,1.0
c17c2e89-d80e-11ef-b0da-cb6f6ce867ec,1.0
c17d4351-d80e-11ef-b150-3310bf7558f2,1.0
c181c2a9-d80e-11ef-abb6-b1146b8263a5,1.0
c19cdd97-03f9-11f0-91a2-959c632a01c1,1.0
c1a4decd-cea0-11ef-9052-094b833f90eb,1.5
c1ba45c2-00ef-11ef-a68f-59a55ccbf2d0,1.0
c1c15581-cea0-11ef-9d3d-919f9f060585,1.0
c1c4ca83-87af-11ee-83cd-ab6ba9482b4e,1.6666666666666667
c1e781ba-cea0-11ef-ae42-d18c7a49ea24,1.0
c1efd805-d80e-11ef-9c4b-8fd9f9bd6653,1.0
c1f96b8d-c91c-11ef-a33c-cddfdaf0d046,1.0
c2088e60-e6f7-11ee-8113-f1fd024fc0bd,1.0
c20a5739-87af-11ee-87c1-ab6ba9482b4e,1.0
c20f093d-cea0-11ef-af8b-15e99a7cf2dd,1.0
c20fa270-cea0-11ef-9abc-7f0ea348c935,1.5
c210fdf3-d80e-11ef-9c37-fb8312598ccb,1.0
c211b8fe-5c8c-11ee-864d-c191d640888d,1.0
c214d4b1-cea0-11ef-9d6d-dbc8e413e6ea,1.0
c219ebba-c91c-11ef-848b-e59bbd520065,1.0
c21cc652-6553-11ef-8300-e94a9f8d4781,1.0
c2215e98-00ef-11ef-8f64-8d28a93480c4,1.0
c235734d-e871-11ee-ad42-798c81a35db2,2.0
c240c837-cea0-11ef-8950-15e99a7cf2dd,1.0
c2567ee4-c91c-11ef-a211-afa31ead099f,1.0
c258b94b-cea0-11ef-af83-c38c659e0d45,1.0
c25eac57-d80e-11ef-a176-4ba97febae2a,2.0
c261ebbd-5c8c-11ee-ae38-39f58997c1ac,1.0
c26b59a7-c91c-11ef-b0f1-cddfdaf0d046,1.0
c27cd0ec-e6f7-11ee-bf7f-f1fd024fc0bd,1.0
c27d9da9-03f9-11f0-9065-1fc0f8793bed,2.0
c286edac-d80e-11ef-bd97-5760d1220200,1.0
c28818a3-00ef-11ef-b8c7-735dea0e51f2,1.25
c2900890-87af-11ee-89f1-0d1d2e8a13f9,1.0
c2a890db-5c8c-11ee-9cca-2dd436194297,1.0
c2b15fd8-cea0-11ef-96cf-d5e6352ffc21,1.0
c2bb2396-03f9-11f0-84ae-9f6fbad4fcda,1.5
c2c54c61-c91c-11ef-b5d1-5de8967c7b0a,1.0
c2c8b262-c91c-11ef-85fd-49ef2505dbb1,1.0
c2cacc63-cea0-11ef-a3f3-854e229dd29c,1.0
c2cb30cb-cea0-11ef-95d1-d5e6352ffc21,1.0
c2dec225-87ae-11ee-b4e9-4950d880aa6b,1.0
c2f100ef-d80e-11ef-b4b6-df7565156f14,1.0
c31b9204-cea0-11ef-b4ba-7bbad4c35942,1.25
c32b2552-5c8c-11ee-a03a-6df413db0997,1.0
c32cca21-c91c-11ef-93d3-dfbe149546aa,1.0
c32fffda-c91c-11ef-83eb-e59bbd520065,1.0
c34216eb-00ef-11ef-8739-5795f4f9b06a,1.0
c3445fee-cea0-11ef-af3e-0364c369fb37,1.0
c34d5d2d-c91c-11ef-9bed-7f0502f7ef9a,2.0
c35422a8-0a8a-11f0-aee3-09fb8d0d78a6,1.6666666666666667
c35be080-00ef-11ef-9d11-19d5f3c38476,1.5
c3736c82-03f9-11f0-8d91-779efb0542d0,1.0
c383d7bf-cea0-11ef-84f0-e5f9a960182c,1.0
c387f0c6-cea0-11ef-bb35-7bbad4c35942,1.0
c38a6a30-5c8c-11ee-ba44-ed761ae61a99,1.0
c38e1205-d80e-11ef-8f1d-df0853afaae1,1.0
c394385a-d80e-11ef-970a-8beaf7c37f5b,1.0
c3beabb8-6553-11ef-925a-9558f2940197,1.0
c3ce4780-cea0-11ef-b246-8d7cde7f0501,1.0
c3da02a5-00ef-11ef-80f0-c57ff5de0b19,1.6666666666666667
c3e06fce-03f9-11f0-afac-af9a2b3008d1,1.0
c3e17ef9-da5b-11ee-828d-076899bc1df2,1.0
c3e774f5-87ae-11ee-995e-4950d880aa6b,1.0
c3fdb522-5c8c-11ee-9b9e-99221b19c687,1.0
c3fec639-d80e-11ef-bda8-cb6f6ce867ec,1.0
c400948a-d80e-11ef-9fc4-25f750c1eb66,1.0
c401f576-a66c-11ee-a554-b3d9ab81970e,1.0
c42b210f-c91c-11ef-9a9b-dda69c08e9ab,1.0
c42c5502-cea0-11ef-bcef-c1a8adb03371,1.0
c4343c96-6553-11ef-9458-af338dc58c31,1.0
c4427c80-cea0-11ef-bbf4-8985b6e8e0fc,1.0
c44591e8-c91c-11ef-8898-79f2a46e4fcf,1.0
c4469bb7-c91c-11ef-ba50-89474d251137,1.0
c44cf04b-da5b-11ee-a6d6-79cbf933c203,1.0
c44f6a81-a66c-11ee-ba14-cbdc02333ac5,1.0
c454ceee-d80e-11ef-bf8a-25f750c1eb66,1.0
c46ac4c9-00ef-11ef-a2b6-b750a3ad6ba1,1.6666666666666667
c46ca2a8-da5b-11ee-ab6b-c7d100b58eb3,1.3333333333333333
c471d37b-da5b-11ee-833b-391ec69925ef,1.3333333333333333
c4755343-5c8c-11ee-9e97-7f79ef54e9a3,1.0
c4857e6f-0a8a-11f0-8c2a-6f0412ebf208,2.0
c48d9e45-c91c-11ef-bab3-85fff5c40a74,1.5
c49a578f-cea0-11ef-b083-8985b6e8e0fc,1.0
c49a8c92-5c8c-11ee-a44c-2b96959b84a6,1.0
c49d6b7d-d80e-11ef-8e9b-25f750c1eb66,1.0
c49f431a-d80e-11ef-932d-df0853afaae1,3.0
c4b041e3-c91c-11ef-aa65-9165bfbc41fb,1.0
c4b24a6b-5c8c-11ee-a15b-af6444662355,2.3333333333333335
c4beabd5-cea0-11ef-9f57-11378bc7900f,1.0
c4bf5e1f-cea0-11ef-9dd6-094b833f90eb,1.0
c4ca57c3-87af-11ee-bce9-ad67c4d84646,1.0
c4cf8d59-03f9-11f0-a70a-b5edea49e130,1.0
c4d0900c-da5b-11ee-8bef-59d5120c0dcf,1.0
c4d1da91-87ae-11ee-9433-e9621c3afa30,1.0
c4d1f3c7-87af-11ee-90e8-673ff96890dd,1.0
c4d2516d-c91c-11ef-930a-552df2bf2527,1.0
c4d57430-03f9-11f0-b5ed-a7a2a68e76a0,2.0
c4e1e170-d80e-11ef-ba07-836c13b41063,2.0
c4e427aa-d80e-11ef-855b-c113d31d5e75,1.0
c4f5fd21-a66c-11ee-bdf1-cbdc02333ac5,1.0
c5060939-03f9-11f0-a2bb-55cdad99c268,1.5
c50e3d9c-d80e-11ef-96d4-836c13b41063,1.0
c51642e1-c91c-11ef-85c3-5d90d6f8f811,1.0
c531b3d8-87af-11ee-b486-4dde824d3e04,1.0
c55a4bfc-0a8a-11f0-9626-6f0412ebf208,1.5
c55c1c8b-0a8a-11f0-bd23-09fb8d0d78a6,1.0
c56c9257-cea0-11ef-8871-15e99a7cf2dd,1.0
c580037f-00ef-11ef-84d3-bffb9c32c7b7,1.0
c5805f32-03f9-11f0-a0f5-8b18536bba42,1.0
c5846232-5c8c-11ee-9fd7-99221b19c687,1.0
c5894c9d-0a8a-11f0-b7c4-c38ab288d7db,1.0
c58bd00f-87af-11ee-a5b1-4dde824d3e04,1.0
c590e019-cea0-11ef-8801-0364c369fb37,1.0
c5a00131-5c8c-11ee-9d56-79e82a92569a,1.0
c5c07eb0-c91c-11ef-af09-e59bbd520065,1.0
c5c1fe9a-cea0-11ef-b747-7bbad4c35942,1.0
c5c24681-d80e-11ef-b70c-e72a1e9fc5e9,1.0
c5d1b572-6553-11ef-8326-e94a9f8d4781,1.0
c5dd17be-b17f-11ee-b06d-7fbaac0088fe,1.0
c5e19d03-c91c-11ef-bc13-89ec1c2a34b3,1.0
c5fc8a07-03f9-11f0-b7f5-55cdad99c268,1.0
c6000a12-cea0-11ef-bd9f-15e99a7cf2dd,1.0
c602aa2e-cea0-11ef-8b77-854e229dd29c,1.0
c609e8d1-cea0-11ef-b01c-f7db09335168,1.0
c60d1096-9d3e-11ef-9bd6-0b4c5bf3c14f,1.0
c6141c30-9d3e-11ef-a07a-5750d1cc5500,1.0
c61870f8-9d3e-11ef-a2c0-652774c42381,1.0
c61f2e2e-03f9-11f0-8320-a7a2a68e76a0,1.0
c6275da4-c91c-11ef-be61-9165bfbc41fb,1.0
c62b5bea-c91c-11ef-8059-dda69c08e9ab,1.0
c634eaff-cea0-11ef-a584-0364c369fb37,1.0
c6456a09-c91c-11ef-8eac-6bada8ee1175,3.0
c650fedd-b17f-11ee-8390-bf70674f6c9b,1.0
c65b0e06-87ae-11ee-a9ea-5b1c7836bea7,1.4615384615384615
c673a782-cea0-11ef-a4b4-8d7cde7f0501,1.0
c6a1ef20-87af-11ee-8ad2-c3d2aacc1ef5,1.0
c6afd571-c91c-11ef-aecd-9165bfbc41fb,1.0
c6be90c3-0a8a-11f0-aceb-f7290562448a,1.0
c6bf89df-d80e-11ef-ac43-3793d7e8fc13,1.0
c6c052cc-d80e-11ef-9e92-25f750c1eb66,1.3333333333333333
c6cb4705-00ef-11ef-9511-2b02edc13676,1.0
c6d1aedd-5c8c-11ee-be11-ed761ae61a99,1.0
c6e16028-cea0-11ef-9cc0-0364c369fb37,1.0
c6e91a51-d80e-11ef-8122-4ba97febae2a,1.0
c6f3c02d-c91c-11ef-9a77-0747faa6642c,1.0
c70902ac-cea0-11ef-891a-a79ae467c671,1.0
c70e1648-d80e-11ef-8cce-33f8c12257be,1.0
c70ef100-5c8c-11ee-80b4-5fc75189c5b9,1.0
c725a378-6553-11ef-bbd4-9558f2940197,1.0
c729c44b-d80e-11ef-871e-aff25cac95be,1.0
c7324db9-03f9-11f0-bce2-b5edea49e130,1.0
c7354d47-c91c-11ef-8c29-29d0a367dc11,1.5
c7443f9f-6553-11ef-9e99-1905df0a643f,1.0
c74eef57-cea0-11ef-ab99-854e229dd29c,1.0
c7568a0c-c91c-11ef-863d-79f2a46e4fcf,1.0
c7784476-d80e-11ef-8320-4ba97febae2a,1.0
c77d93c2-87af-11ee-8548-c14a6c4c1780,2.5
c79f97a9-cea0-11ef-8a6e-67efaef65bf6,1.0
c79f9e85-c91c-11ef-b36e-b5ae563961d2,1.0
c7a96bba-6553-11ef-8565-c1181148dbe6,1.0
c7af2726-87ae-11ee-9151-e9621c3afa30,2.0
c7c40b9a-cea0-11ef-b043-e5f9a960182c,1.0
c7c63381-c91c-11ef-9009-dda69c08e9ab,1.0
c7c8fc09-87af-11ee-8bcc-53c5162f89cb,1.0
c7d44f40-b17f-11ee-8021-57268d0cde55,1.0
c7f49611-5c8c-11ee-a845-99221b19c687,1.0
c7f54159-58c1-11ee-aa83-4142d5663741,1.0
c80ab056-c91c-11ef-b34d-df0c303219a0,1.0
c80b2844-cea0-11ef-b13d-b916b286fe3c,1.0
c80d8c35-c91c-11ef-95ff-cdbe9e060e02,1.0
c8256d14-03f9-11f0-a305-b5edea49e130,1.0
c82cc450-d80e-11ef-933d-79c8dc1ef63b,1.5
c82fe3ed-58c1-11ee-819a-95039da654de,1.0
c83acd68-cea0-11ef-bb9c-6501c37cbd2b,1.0
c842a974-b17f-11ee-a9ad-9f866e006965,1.0
c84bd96d-fa8b-11ef-b5f4-21959282d1fa,1.6
c8547760-cea0-11ef-a857-8985b6e8e0fc,1.0
c87125e8-87af-11ee-bad3-53c5162f89cb,2.0
c871c178-fa8b-11ef-b3a6-21959282d1fa,1.0
c87b31d8-d80e-11ef-ba09-7f8bfeadd277,1.0
c887e13b-87ae-11ee-b26b-87446474c3d2,1.0
c89e719e-fa8b-11ef-87a9-b7d955d0f3ba,1.0
c8adc270-03f9-11f0-9fb7-5dbe2c1db63d,1.0
c8bdd2fa-fa8b-11ef-ada6-b7d955d0f3ba,1.0
c8be44be-fa8b-11ef-a665-21959282d1fa,1.0
c8c1a8e9-fa8b-11ef-b903-3d87df017504,1.0
c8cd60a0-03f9-11f0-b866-55cdad99c268,1.0
c8cf8a0c-c91c-11ef-bcd4-af42475695dd,1.0
c904bac6-cea0-11ef-ac38-15e99a7cf2dd,1.0
c90c0738-fa8b-11ef-b353-21959282d1fa,1.0
c915fb78-c91c-11ef-b262-9165bfbc41fb,1.0
c91f1e03-03f9-11f0-96ba-1f9e19992389,1.0
c92fd666-cea0-11ef-a316-df11aabd57ff,1.0
c9335d2a-fa8b-11ef-9e59-3d87df017504,1.0
c9438597-03f9-11f0-90c7-1f9e19992389,1.0
c95134e0-fa8b-11ef-b61d-21959282d1fa,1.0
c9536763-58c1-11ee-a1c7-63e6af0b033f,1.0
c958c02b-cea0-11ef-a478-dbc8e413e6ea,1.0
c9612828-cea0-11ef-9e6c-a79ae467c671,1.0
c96172e9-d80e-11ef-8fcd-836c13b41063,1.0
c9638426-a66c-11ee-9fc2-7fd9d86650b9,1.0
c97c1c0a-cea0-11ef-8d7d-d5e6352ffc21,1.0
c981fb8a-cea0-11ef-91e7-7bbad4c35942,1.0
c9825647-d80e-11ef-a487-65af12325d01,1.0
c98b2de8-03f9-11f0-887a-b5edea49e130,1.5
c9905878-a66c-11ee-b791-7fd9d86650b9,1.0
c9a530f1-c91c-11ef-8fac-afa31ead099f,2.0
c9ab6ab1-03f9-11f0-9333-1f9e19992389,2.0
c9c717e1-0b14-11f0-88b1-b76de82e5bf9,1.0
c9d66e46-c91c-11ef-a288-af42475695dd,1.0
c9d6725e-fa8b-11ef-8bd2-21959282d1fa,1.0
c9ddcfa4-87ae-11ee-8014-b3542f744263,1.0
c9df71c5-fa8b-11ef-86e7-21959282d1fa,1.0
c9e1643d-b17f-11ee-9bfe-9f866e006965,1.0
c9ec7790-58c1-11ee-8863-7b09286441e8,1.0
c9f6a38e-fa8b-11ef-aa6e-21959282d1fa,1.0
ca01a27c-58c1-11ee-bff9-e74311cebc3e,1.0
ca0e2bfd-c91c-11ef-bab7-df0c303219a0,1.0
ca1025db-d80e-11ef-908f-d78543a29e9c,1.0
ca186f13-c91c-11ef-bf07-af42475695dd,1.0
ca1932be-03f9-11f0-b9fe-3f10701e1247,1.0
ca1e4e2f-a66c-11ee-a014-51789c1c0968,1.0
ca28d0fd-58c1-11ee-bc3b-e7d0de90bb77,1.0
ca33a935-cea0-11ef-b4e9-8b0ecf41038d,1.0
ca3956f2-d80e-11ef-9a34-5760d1220200,1.3333333333333333
ca4826a2-03f9-11f0-ba65-959c632a01c1,1.0
ca4b0146-03f9-11f0-af6e-b5edea49e130,2.0
ca521890-d80e-11ef-a235-35dd1308d1be,1.0
ca75a666-03f9-11f0-8cf6-55cdad99c268,1.0
ca7e5504-03f9-11f0-b6d9-3f10701e1247,1.0
ca7f5e20-fa8b-11ef-b2c7-1dca12964384,1.0
ca7fbff0-d80e-11ef-8b89-b1146b8263a5,1.0
ca808e9e-fa8b-11ef-b103-99927c918d1f,1.0
ca82b205-87af-11ee-be3c-ed18b20d40fa,1.0
ca82dafa-87af-11ee-a96e-c3d2aacc1ef5,2.0
caa17151-87af-11ee-b5a0-8540968a4aab,1.0
caa1cf66-fa8b-11ef-9e1d-cd12d436420d,1.0
cab7d295-a66c-11ee-87bc-b3d9ab81970e,1.0
cabc26ee-d80e-11ef-9df4-93d4a8e2670f,1.0
cacd05c4-03f9-11f0-8e40-ffe02806dbf3,2.0
cad4036c-fa8b-11ef-b3eb-1dca12964384,1.0
cad4fc8e-cea0-11ef-93bd-8985b6e8e0fc,1.0
cad8de29-cea0-11ef-9655-39729a2ac9f8,1.0
cae2dc7c-c91c-11ef-857f-df0c303219a0,1.0
cae5f940-a66c-11ee-a61a-69873a0f8636,1.0
caed60ae-fa8b-11ef-a04f-cd12d436420d,1.0
caf6176b-cea0-11ef-80b1-15e99a7cf2dd,1.0
caf8762f-03f9-11f0-8c31-b5edea49e130,1.0
cb04fb9b-87ae-11ee-ba64-a34456479055,1.0
cb0566db-d80e-11ef-8756-35dd1308d1be,1.0
cb0b54a9-3fb7-11ef-bb72-c3b59379c1c8,1.0
cb0dd272-87af-11ee-8013-8540968a4aab,1.0
cb138d43-03f9-11f0-a74a-55cdad99c268,1.0
cb150758-fa8b-11ef-9c7f-0fb35e9be15e,2.0
cb195c43-cea0-11ef-a152-bde19b8d0e16,1.0
cb1cf4b2-fa8b-11ef-958f-1dca12964384,1.0
cb38a42b-03f9-11f0-b73a-5dbe2c1db63d,1.0
cb38d53a-fa8b-11ef-bf85-3d87df017504,1.0
cb3e04a1-03f9-11f0-b740-959c632a01c1,1.0
cb430a4e-d80e-11ef-b880-291af4edde12,1.0
cb56110d-fa8b-11ef-bd42-b7d955d0f3ba,2.25
cb574d5b-cea0-11ef-ad49-8985b6e8e0fc,1.0
cb578dce-03f9-11f0-a69c-b5edea49e130,1.0
cb6d1eec-c91c-11ef-affe-9d2cb28a0e5a,1.0
cb6f2cba-71e3-11ee-8361-39ff38828aaa,1.0
cb7851bd-3fb7-11ef-ba3a-1317e3c1db05,1.0
cb7d23ca-03f9-11f0-ad99-959c632a01c1,2.0
cb84434a-03f9-11f0-99cc-1fc0f8793bed,1.0
cb876147-71e3-11ee-beb8-3d7d51c3df26,1.0
cba4a3f4-87ae-11ee-82fa-4950d880aa6b,1.0
cbab0158-03f9-11f0-80cd-1fc0f8793bed,1.0
cbab0a09-fa8b-11ef-af29-cfd37ba11b7f,1.0
cbadef81-c91c-11ef-bb9b-618748a64d7c,1.0
cbba43c4-c91c-11ef-9c7e-7f0502f7ef9a,1.0
cbbc10c3-d80e-11ef-b8a7-aff8be1dac22,1.0
cbcc6c02-87af-11ee-a1b1-33f3de93faa9,1.0
cbcff8e8-c91c-11ef-a238-9165bfbc41fb,2.0
cbd2b7e0-c91c-11ef-b74a-b14eb58b8166,1.0
cbd384de-00ef-11ef-9a15-394d1677394c,1.0
cbd8120c-87ae-11ee-ad98-0d1196180fff,1.0
cbdb9cce-d80e-11ef-b27e-fb8312598ccb,1.0
cbdbac96-d80e-11ef-8e84-fde4809a10bb,1.0
cbee8041-87ae-11ee-b1b4-0d1196180fff,1.0
cbf03731-c91c-11ef-bea1-79f2a46e4fcf,1.0
cbf4d6d7-87af-11ee-8280-732733f3f0af,1.0
cbf96a5f-00ef-11ef-83a2-2b02edc13676,1.0
cc08ca91-a66c-11ee-98d9-372ed741db7b,1.0
cc14434f-03f9-11f0-8b4e-8b18536bba42,1.0
cc146503-c91c-11ef-b9c1-89474d251137,1.0
cc180aa7-03f9-11f0-bce9-959c632a01c1,1.0
cc28cd86-6553-11ef-98b0-d1b622e22581,1.0
cc2b90b6-d80e-11ef-8fab-79c8dc1ef63b,3.0
cc34ede4-fa8b-11ef-9878-21959282d1fa,1.0
cc36fa3c-c91c-11ef-b499-9165bfbc41fb,1.5
cc56eb52-00ef-11ef-8a64-394d1677394c,1.0
cc58f75c-fa8b-11ef-8f71-5b48755659b3,1.0
cc662b0e-87ae-11ee-ba45-a34456479055,1.0
cc663b04-cea0-11ef-955b-8b0ecf41038d,1.0
cc68e23b-87af-11ee-80b4-ed18b20d40fa,1.0
cc835837-fa8b-11ef-b745-21959282d1fa,1.0
cc8ebbde-cea0-11ef-94f5-53ff0e7b5cdb,1.0
cc94408a-87af-11ee-a58e-732733f3f0af,1.25
cc99a7fb-c91c-11ef-9ab6-afa31ead099f,2.0
cc9e6933-c91c-11ef-979f-85fff5c40a74,1.0
ccadb9da-fa8b-11ef-83d4-5b48755659b3,2.0
ccb0e2eb-3fb7-11ef-8a1b-9b3ad485e169,1.0
ccb3248b-cea0-11ef-a2e3-67efaef65bf6,1.0
ccb4c8bd-03f9-11f0-a9d7-1fc0f8793bed,1.0
ccb67bee-87af-11ee-b06a-33f3de93faa9,1.0
ccc80461-3b00-11ef-bfd9-cf30ba23e265,1.5
ccd0ff4c-d80e-11ef-9577-291af4edde12,1.0
ccd13810-d80e-11ef-ae8e-836c13b41063,1.0
ccddf907-03f9-11f0-996b-1fc0f8793bed,1.0
ccde7383-03f9-11f0-8b93-959c632a01c1,1.0
ccf1d4f1-fa8b-11ef-afe9-1dca12964384,1.0
ccf62096-fa8b-11ef-ba1a-99927c918d1f,1.0
ccfa3844-d80e-11ef-ab25-d78543a29e9c,1.0
ccfd2f2c-03f9-11f0-94e4-1fc0f8793bed,2.0
cd12e2da-3b00-11ef-a292-8949712bce3e,1.0
cd2254e7-03f9-11f0-a7a5-1fc0f8793bed,1.0
cd42515d-87af-11ee-abae-0956827f7b84,1.0
cd4895a7-c91c-11ef-ba1b-e59bbd520065,1.0
cd49d5f5-d80e-11ef-a157-19ebfe853437,1.0
cd62b0ea-fa8b-11ef-8209-cfd37ba11b7f,1.0
cd656eaa-fa8b-11ef-bb4a-01bd23b1c84e,1.0
cd68777b-3fb7-11ef-9aa1-ddc8bd5ae56f,1.0
cd6cf39d-b17f-11ee-90fe-a7c08e27a2c2,1.0
cd720160-03f9-11f0-9638-8968d4ab2e9d,2.0
cd74ba9f-c91c-11ef-82e5-cdbe9e060e02,1.0
cd819340-b17f-11ee-baaa-49f169140634,1.0
cd8b86c6-fa8b-11ef-94ea-99927c918d1f,1.0
cd967bfc-c91c-11ef-b50d-fd19af548ae0,2.0
cdaffe93-4b7f-11ef-a8a0-259b969d7d0e,1.0
cdb27156-fa8b-11ef-90ab-cfd37ba11b7f,1.0
cdb63ef7-c91c-11ef-9b9f-cddfdaf0d046,1.0
cdbf2f9f-03f9-11f0-9198-3f10701e1247,1.0
cdde9596-c91c-11ef-8be5-2dfd7a2458ba,1.0
cde29670-3fb7-11ef-9261-f3fd7f467db9,1.0
cdec945f-87af-11ee-9f27-ab6ba9482b4e,1.0
cdef8388-fa8b-11ef-b2a4-3d87df017504,1.0
ce10f19a-fa8b-11ef-8a17-3d87df017504,1.0
ce11fd3d-fa8b-11ef-bccd-cfd37ba11b7f,1.0
ce241eee-00ef-11ef-b9b0-e55b60776baf,1.0
ce2acfdf-87af-11ee-8c79-055528d76b1d,1.0
ce350ad1-d80e-11ef-8733-a3ba5f828d6b,1.0
ce37d4ed-b17f-11ee-97e3-a7c08e27a2c2,1.0
ce3c8e19-71e3-11ee-a4f6-936cbc164ed9,1.0
ce4c32d4-d80e-11ef-b802-93d4a8e2670f,1.0
ce6166f6-fa8b-11ef-806c-bd3e09a58e49,1.0
ce6633f3-d0f2-11ee-8b70-5be4f43ea443,1.0
ce821512-fa8b-11ef-b600-bf58a04e59a6,1.0
cea3d26d-fa8b-11ef-8e6d-21959282d1fa,1.0
ceb5c4de-d0f2-11ee-9984-cd65507d856b,1.0
ceb836f8-7440-11ee-9dbe-91599320c346,1.0
cebf1e17-d80e-11ef-9d1b-79c8dc1ef63b,1.0
cec4bf48-00ef-11ef-ba7a-43dfee63a807,1.0
cecedd62-87ae-11ee-985b-e9621c3afa30,1.0
cee485f9-d80e-11ef-9efb-a3ba5f828d6b,1.0
cee7698d-fa8b-11ef-ad87-cfd37ba11b7f,1.0
cee7dc27-fa8b-11ef-940d-2d4d91ee7e56,1.0
cee867dd-fa8b-11ef-a1f6-21959282d1fa,1.0
ceeaf0f2-87af-11ee-9dba-45da4b8bc68d,2.0
ceee0ec0-00ef-11ef-bb05-735dea0e51f2,1.0
cefb656e-a66c-11ee-8127-372ed741db7b,1.0
cf01d4a1-d0f2-11ee-a645-b367f827808b,1.5
cf16780e-71e3-11ee-9143-936cbc164ed9,1.0
cf539368-fa8b-11ef-9970-5b48755659b3,1.0
cf6d2a3e-d0f2-11ee-82ae-6bde7687dd72,3.25
cf814514-fa8b-11ef-a852-3d87df017504,1.0
cf958fe1-87ae-11ee-a8be-85e000f9cde0,1.0
cf9f862e-fa8b-11ef-9522-2182518ffdb7,1.0
cfc0ba72-a66c-11ee-b92a-372ed741db7b,1.0
cfc16d7d-a66c-11ee-b804-d329f1141dae,2.0
cfc2cad5-fa8b-11ef-afff-cfd37ba11b7f,1.0
cfc34dfd-d80e-11ef-821c-95732125109d,1.0
cfd3e8e6-87ae-11ee-b1ad-7f241295132f,1.0
cfe238ad-fa8b-11ef-af09-bd3e09a58e49,1.0
cff142bd-d80e-11ef-912f-65af12325d01,1.0
cff7536d-87af-11ee-a453-8540968a4aab,3.0
d024f674-a66c-11ee-b8cb-dd7494a8038b,1.0
d04372f0-d80e-11ef-8571-79c8dc1ef63b,1.0
d0585e03-87ae-11ee-89d3-055528d76b1d,1.0
d0624218-a66c-11ee-aee9-d5c89324515c,1.2
d06f8138-3b00-11ef-b929-ade8c3307aab,1.0
d07a7068-fa8b-11ef-a67d-3d87df017504,1.0
d08cf157-d80e-11ef-9787-95732125109d,1.0
d090ccb2-3b00-11ef-a5e1-13baa73e9660,1.0
d0b51f8a-d0f2-11ee-a0a5-69eb34eeeb43,1.0
d0b6c878-d0f2-11ee-93a0-7d4a37203792,1.0
d0b876a2-3b00-11ef-a9a1-bf5a9ed81c94,1.0
d0bff05a-87af-11ee-aa80-ab6ba9482b4e,1.5
d0c49539-fa8b-11ef-9fae-0fb35e9be15e,2.0
d0cc9e69-fa8b-11ef-8d26-2182518ffdb7,1.0
d1027dc2-fa8b-11ef-b68d-0fb35e9be15e,1.0
d10f62b7-fa8b-11ef-990b-5b48755659b3,1.0
d11ff16c-87ae-11ee-a3df-937164efacfe,1.0
d1358c30-fa8b-11ef-8aae-0fb35e9be15e,1.0
d1509ab2-d80e-11ef-b9f2-e72a1e9fc5e9,1.0
d1613606-87ae-11ee-a5f7-23bd046534df,1.0
d1681fe4-fa8b-11ef-b6e0-5b48755659b3,1.3333333333333333
d18f893e-d0f2-11ee-a214-7d4a37203792,1.0
d19dd662-d80e-11ef-a0bd-a3ba5f828d6b,1.0
d1b965e8-fa8b-11ef-a3ab-bd3e09a58e49,1.4
d1d17868-fa8b-11ef-8843-21959282d1fa,1.3333333333333333
d1dc2255-a66c-11ee-8045-bfeb05128808,1.0
d1e3284a-d80e-11ef-b237-95732125109d,1.0
d1e88970-87ae-11ee-b305-23bd046534df,1.0
d1ec49c5-7f3b-11ee-84c2-cfc04d5c1377,3.0
d29260d3-fa8b-11ef-9373-21959282d1fa,1.0
d2a6480a-87ae-11ee-9247-055528d76b1d,2.0
d2b4a948-fa8b-11ef-aaea-21959282d1fa,2.0
d2eae70d-7d16-11ef-8e37-770ee2955b31,1.0
d3062ec0-fa8b-11ef-829c-e9e18d39e34a,1.0
d30bd333-f384-11ef-9aa6-2523500d8bed,1.0
d34a88cf-fa8b-11ef-be97-2182518ffdb7,1.0
d34b1c72-87ae-11ee-893a-937164efacfe,1.0
d36e9f12-fa8b-11ef-9032-bdd4a745b819,1.0
d36fb113-fa8b-11ef-a91b-bd3e09a58e49,1.0
d381f2d4-d80e-11ef-ba10-194779771d04,1.0
d38e3464-a66c-11ee-827b-0fc38695257d,1.0
d3c5b9ec-d80e-11ef-b64b-bf7e77e4bddc,1.0
d3c9bf32-d80e-11ef-b5a5-5760d1220200,1.0
d3e2c69a-fa8b-11ef-add6-2d2f3dffd024,1.0
d3f3f633-71e3-11ee-b300-936cbc164ed9,1.0
d40af033-87af-11ee-bc70-2b1d0885071f,1.0
d4133878-d0f2-11ee-89fb-d157cc61987d,1.0
d42e7204-d80e-11ef-b5d6-c113d31d5e75,1.0
d44c25fc-fa8b-11ef-a72a-0715559f552b,1.0
d490852c-d80e-11ef-8e89-fb8312598ccb,3.0
d496a748-fa8b-11ef-a47d-1dca12964384,1.0
d49cdfb5-87ae-11ee-bb89-4950d880aa6b,1.0
d4b3c04b-fa8b-11ef-b4b0-1dca12964384,1.0
d4bda495-87ae-11ee-8049-0956827f7b84,1.0
d4fde204-fa8b-11ef-a018-1dca12964384,1.0
d519a5bf-a66c-11ee-9cfe-a93a1e7578dc,1.0
d525c849-d80e-11ef-8ced-a3ba5f828d6b,1.0
d528a520-fa8b-11ef-bbc0-cfd37ba11b7f,1.0
d52b9575-d80e-11ef-b379-25f750c1eb66,1.0
d54e19c8-fa8b-11ef-b928-cfd37ba11b7f,1.0
d57f62b3-caa7-11ee-8120-13286711e04f,1.0
d58d6f91-fa8b-11ef-9bd7-d7411cba4285,1.0
d590aec1-c529-11ee-b535-53d2a4ceacab,1.0
d594f8c7-c529-11ee-9a22-e39de852f73c,1.0
d5cab747-caa7-11ee-8b58-77d773bc3c6f,1.0
d6100b4b-87ae-11ee-87d8-b3ee144f53a2,1.0
d614220f-c529-11ee-ac63-a56236258752,1.0
d629dc6c-87ae-11ee-a2f6-937164efacfe,1.0
d6547bc3-87ae-11ee-a30f-b3ee144f53a2,1.0
d65e802e-71e3-11ee-884d-936cbc164ed9,1.5
d6712ecd-a66c-11ee-a1ab-372ed741db7b,1.0
d6988431-d80e-11ef-8609-5760d1220200,1.0
d69d906e-71e3-11ee-9abd-f9f24aa8f291,1.0
d6b4017f-71e3-11ee-9fdb-fde60e783daf,1.0
d6b74199-71e3-11ee-9d49-b18e6d0097e4,1.0
d6c43eef-d80e-11ef-950f-0556740077b2,1.0
d6d09f46-87ae-11ee-893a-ed5dfbd1ecd4,1.0
d6f75fb4-87ae-11ee-9885-e383dbaa74d1,1.5
d71e9103-c211-11ee-853a-91916abf69ba,1.0
d761b17e-87af-11ee-b999-d7acbb0efe09,1.0
d77595bf-d80e-11ef-9fed-c113d31d5e75,1.3333333333333333
d777f81d-d80e-11ef-b57a-8fd9f9bd6653,1.0
d78222ae-87af-11ee-b916-d7acbb0efe09,1.0
d7836563-c211-11ee-9dd9-91916abf69ba,1.0
d7c28e47-a66c-11ee-b967-b3d9ab81970e,1.0
d7c9d11c-d80e-11ef-8253-aff8be1dac22,1.0
d7d47230-c529-11ee-9e65-3dc3b4129912,2.0
d8001464-d80e-11ef-9db7-836c13b41063,2.0
d86cad94-87af-11ee-87e7-d7acbb0efe09,1.0
d8736768-d80e-11ef-b4a5-c113d31d5e75,1.0
d88fdd13-87af-11ee-8e49-33f3de93faa9,1.0
d8c79534-d80e-11ef-8fa6-194779771d04,3.0
d8c7f2ca-f1db-11ee-bc95-27693a2bdad1,1.0
d90b77d6-a66c-11ee-af47-5f83e8860ac1,1.5
d9158fd5-d80e-11ef-aa44-194779771d04,1.0
d9319804-d80e-11ef-98fb-11b12d3f005b,1.0
d941c86e-c529-11ee-a67a-a556465bb339,1.0
d9569288-87ae-11ee-ad02-bbe4872ed907,1.5
d976bfe5-d80e-11ef-8208-8beaf7c37f5b,1.0
d980e3fe-d80e-11ef-9c33-11b12d3f005b,1.0
d98513d8-d80e-11ef-befc-836c13b41063,1.0
d99e06d6-87af-11ee-97b9-91d0ff8c2ae8,1.0
d9ac698e-a66c-11ee-a1d8-a93a1e7578dc,1.0
d9d07a13-d80e-11ef-b1f3-836c13b41063,1.0
d9e77f5c-dd8e-11ef-b438-47e8907244ff,1.0
da0ef2e6-caa7-11ee-94c5-8178209614e5,1.0
da17eb2a-d80e-11ef-ace1-a3ba5f828d6b,1.0
da2a3b93-87af-11ee-b2c7-b3ee144f53a2,1.0
da59a302-caa7-11ee-954f-31aa9de646d3,1.0
da5cdfca-dd8e-11ef-8971-c7050eac6388,1.0
da5ea455-dd8e-11ef-9b3b-d546140bdd3b,1.0
daa0b922-c529-11ee-bc67-29f1ba4e4ccf,1.0
daa7004c-87ae-11ee-86ec-67cd85f3bbe0,1.0
dabf3c3b-d80e-11ef-bf97-a3ba5f828d6b,1.0
dae3bb03-87ae-11ee-a6ed-d11edfb50e73,1.0
dae5f9ce-d80e-11ef-9f99-11b12d3f005b,1.0
dafeec63-dd8e-11ef-9705-c7050eac6388,1.0
db20679e-b275-11ef-8bc4-c16a9389ec1d,1.0
db27ecec-d80e-11ef-a20e-e72a1e9fc5e9,1.0
db310787-0bda-11ef-827d-811be6aa8c1e,1.0
db3a5c93-5d33-11ee-8f7f-f9b0522010de,1.0
db4b3d1d-87ae-11ee-86c6-d7acbb0efe09,1.0
db4fc05b-87ae-11ee-89ec-b3542f744263,1.0
db545391-d80e-11ef-b89f-19ebfe853437,1.0
db819444-d80e-11ef-bc66-bfd0c009adaa,1.0
dbd1e6ad-87af-11ee-97cc-d11edfb50e73,1.5
dbdb7149-0bda-11ef-beaf-497b64f71504,1.0
dc0c017a-d80e-11ef-b6cc-cb6f6ce867ec,1.0
dc1a647d-87ae-11ee-ba08-e9621c3afa30,1.0
dc1b315f-87ae-11ee-898e-7f241295132f,1.0
dc409c28-dd8e-11ef-8a47-c7050eac6388,1.0
dc48559a-87af-11ee-b9e4-937164efacfe,1.0
dc487745-dd8e-11ef-9d4e-c7050eac6388,1.0
dc5ddac8-a66c-11ee-a5c6-5f83e8860ac1,1.0
dc71a1f7-87af-11ee-a072-53c5162f89cb,1.0
dc9d10df-87ae-11ee-a659-23bd046534df,3.0
dcd1705f-d80e-11ef-9b41-3310bf7558f2,1.0
dce6c450-87ae-11ee-8662-d7acbb0efe09,1.0
dd13047c-dd8e-11ef-93ca-07950ae7837f,2.0
dd1afb80-d80e-11ef-9a0a-3793d7e8fc13,1.0
dd335d23-d80e-11ef-9757-cb6f6ce867ec,2.0
dd80f44b-dd8e-11ef-a514-0587414e6c41,2.0
dd994e73-87af-11ee-8630-e9621c3afa30,1.0
dda4f599-dd8e-11ef-8179-8be92cb4459e,1.0
dda6fcea-d80e-11ef-8f0c-c113d31d5e75,1.0
dda7423c-a66c-11ee-9585-df30636768b6,1.0
ddf2cecd-dd8e-11ef-aec8-47e8907244ff,2.5294117647058822
ddfe68b6-d80e-11ef-8ceb-0556740077b2,1.0
de159616-dd8e-11ef-9638-47e8907244ff,1.0
de37da2b-d80e-11ef-bbdd-c113d31d5e75,1.0
de4c4922-d420-11ef-bb11-3da83b1716d4,1.0
deaa3bbc-87ae-11ee-9e48-d7acbb0efe09,1.0
deac2677-d80e-11ef-98a5-93513518243a,1.0
dec53c04-d420-11ef-b9bb-4d7a6b4df57b,1.0
dec878f4-d80e-11ef-a161-b1146b8263a5,1.0
deca36a9-0723-11ef-85f6-25a7e63f8281,1.0
ded6e925-d80e-11ef-b950-93513518243a,1.0
def538d4-a66c-11ee-bab9-f9d683196985,1.0
df3d4a66-0723-11ef-bf86-a7ae9d5a9686,1.25
df40ff39-dd8e-11ef-8ef0-0587414e6c41,1.0
df54bf49-87ae-11ee-8d3d-d11edfb50e73,1.0
df5d8e02-d80e-11ef-b398-194779771d04,1.0
df6b3620-b636-11ee-bce6-bf568992aad9,1.0
df7fadf0-87af-11ee-8217-9de8ebbd66f9,1.0
df824764-d420-11ef-a326-4d7a6b4df57b,2.0
df8b9852-dd8e-11ef-b8bd-b3b32b6e5f27,1.0
df97b5e0-0968-11f0-8a43-bf2481ee68c0,1.0
dfa8631e-dd8e-11ef-b4e1-8be92cb4459e,1.0
dfb5cc54-d420-11ef-85cb-bf6264ffcf46,1.0
dfc8ceea-87ae-11ee-b878-3fda0428ff79,2.0
dfcb16f5-0968-11f0-b933-b9fea80f75fa,2.0
dfd1eeef-0968-11f0-814f-910c7287a16a,1.0
dfd2ffbf-baee-11ee-8965-7f3de0cec7a7,1.0
dfd4262c-baee-11ee-8102-db9dd9a58294,1.0
dfd84748-d420-11ef-b5e6-11058580ff5b,1.0
dfe13277-87ae-11ee-a820-c7194e2b053a,1.0
dfe3c089-d80e-11ef-80c7-65af12325d01,1.0
dfea3f21-0723-11ef-bf4f-db06cff8c7e2,1.0
dfec9e7b-dd8e-11ef-a532-0587414e6c41,1.0
dfeef3a1-87af-11ee-a269-055528d76b1d,1.0
dff01520-baee-11ee-84ac-7f3de0cec7a7,1.0
e0124874-dd8e-11ef-aafb-2b104403fded,2.0
e0144d36-d420-11ef-b883-854a0a3e7071,1.0
e030b982-0723-11ef-8160-19054c113ca0,1.0
e03a70ff-d420-11ef-9e57-5b9b23561404,1.6666666666666667
e04c4c4b-87af-11ee-b982-ed18b20d40fa,1.0
e052d6d0-0968-11f0-aaf3-47b9b5a77d8b,1.7
e0675a61-d420-11ef-8255-a157b38c9c33,1.0
e0720955-0723-11ef-b12f-bd588ab8830e,1.0
e076858e-a820-11ef-b14e-d74916fb9884,1.0
e07dfb44-d420-11ef-91a9-a157b38c9c33,1.5
e097d437-87af-11ee-af2b-e9621c3afa30,1.0
e09d7f45-b636-11ee-863c-bf568992aad9,1.3333333333333333
e0a56552-d80e-11ef-8e93-aff25cac95be,1.0
e0aaa410-d420-11ef-bf2e-5be63c7154f2,1.0
e0ad3fc6-dd8e-11ef-aabb-47e8907244ff,1.0
e0c9e041-d420-11ef-9b7c-ef5622922ce4,1.0
e0cbb8bc-d80e-11ef-9d26-c113d31d5e75,1.0
e0e964c5-dd8e-11ef-8b4d-c7050eac6388,1.0
e0e99b85-d420-11ef-8725-ef5622922ce4,1.0
e0f0d6f3-baee-11ee-9a0c-db9dd9a58294,1.0
e0f88f5a-b636-11ee-acae-c946c9baec07,1.0
e1145c03-d420-11ef-a694-a157b38c9c33,1.0
e130226a-d420-11ef-bd88-a157b38c9c33,1.0
e1316093-d420-11ef-a474-7ddb2b091a89,1.0
e1416a20-d80e-11ef-a93a-65af12325d01,1.0
e14248ef-baee-11ee-b548-7f3de0cec7a7,1.0
e14d83fd-a820-11ef-9199-3fe0352d00dd,1.0
e157cfb4-d420-11ef-804d-7ddb2b091a89,1.0
e17d12c0-d420-11ef-9d2a-5be63c7154f2,1.0
e1848d3b-dd8e-11ef-9b76-232e4be828e2,1.0
e187312e-dd8e-11ef-b46f-8bf77e267e8b,1.0
e18c4cb1-baee-11ee-838b-21033901e54e,1.0
e1912ae9-a820-11ef-b68e-7fbc96e4ce70,1.0
e1a31832-a66c-11ee-a0e7-5f83e8860ac1,1.0
e1e10713-a820-11ef-975d-799cbb756977,1.0
e1f3f77c-dd8e-11ef-bdc8-232e4be828e2,1.5
e1f5b0f4-0723-11ef-a398-53710a4e468e,1.0
e213e539-0723-11ef-ba4b-7bdd2610d39e,1.0
e2187f42-dd8e-11ef-a1f2-895b553a36d3,1.0
e21f58a2-d80e-11ef-8de9-19ebfe853437,1.0
e2238032-87af-11ee-ae34-8540968a4aab,1.0
e2304eef-b636-11ee-8969-f3f539947c25,3.0
e23306b7-d420-11ef-a0f8-ef5622922ce4,1.0
e251dfa1-d420-11ef-aefc-ef5622922ce4,1.0
e2593c25-d80e-11ef-b989-836c13b41063,1.0
e25eb67e-a676-11ef-b382-01de605db2e1,2.085714285714286
e25f43ff-0723-11ef-a9c0-6fe13cafac14,1.0
e266a41e-87ae-11ee-9811-df75cd34e5a4,1.0
e280e279-a676-11ef-b1b8-3394deb13297,1.0
e2909070-baee-11ee-a8f3-014a2ffa3854,1.0
e29ab169-d420-11ef-a9e3-a157b38c9c33,1.0
e29b5aea-d420-11ef-9777-3d6b3e9326fd,1.0
e29e5691-a676-11ef-96b9-e5765ae0b4c9,1.0
e2ae6607-dd8e-11ef-b4d1-07950ae7837f,1.0
e2b24ced-87af-11ee-8dfc-e35a688b4e60,1.0
e2bc56a5-d420-11ef-8546-4bc011fee3fb,1.0
e2cd9c54-87ae-11ee-822c-e9621c3afa30,1.0
e2d24758-a676-11ef-94d4-01de605db2e1,1.0
e2e4b544-dd8e-11ef-92ba-07950ae7837f,1.0
e2f4dada-c6bd-11ee-b207-8bbdd2d4cea6,1.0
e2f625fd-a676-11ef-abc2-79f7ada84882,1.0
e2f8ba0e-dd8e-11ef-9544-d1d12dc8a25f,1.0
e2fbf439-01a8-11ef-b30c-919b2faa95d0,1.0
e3013476-d80e-11ef-8e2e-194779771d04,1.0
e30edcb2-a676-11ef-addd-b30792e25b81,1.0
e3242506-d80e-11ef-a7de-19ebfe853437,1.0
e32626d5-dd8e-11ef-86ca-a3670a1f2846,1.0
e3296bd6-01a8-11ef-afc9-919b2faa95d0,1.0
e3496b85-dd8e-11ef-8eb7-232e4be828e2,1.0
e36b137a-d420-11ef-b3cf-5be63c7154f2,1.0
e36c43eb-d420-11ef-a80b-ef5622922ce4,2.0
e3729781-dd8e-11ef-bad6-2b104403fded,1.0
e391223e-dd8e-11ef-bf02-0730c460256d,2.0
e3920af3-b636-11ee-ae6e-bf2deb4addef,1.25
e3a4af90-d80e-11ef-8288-194779771d04,1.0
e3ac0fb0-d420-11ef-806f-7174f6b418ca,1.0
e3b57fb3-dd8e-11ef-9fe3-232e4be828e2,2.0
e3c1215a-d80e-11ef-a48a-3310bf7558f2,1.0
e3c1715d-87af-11ee-bb3b-9de8ebbd66f9,1.0
e3ccb070-baee-11ee-8da3-190f4f1c6027,2.0
e3dc6242-87af-11ee-91ed-45da4b8bc68d,1.0
e3df535a-87af-11ee-bbda-e35a688b4e60,1.0
e3e4b432-d80e-11ef-b1a4-19ebfe853437,1.0
e3fc46f0-832d-11ee-8e73-15259c9378d3,1.0
e4018b2f-dd8e-11ef-a602-0587414e6c41,1.0
e426abba-dd8e-11ef-9a8a-0730c460256d,1.0
e432de6e-79c2-11ee-a164-b3776f5a1563,1.0
e43deb31-d420-11ef-a946-854a0a3e7071,2.0
e452bd87-b636-11ee-a3e6-ab591325038c,1.0
e463017e-87ae-11ee-8c44-1196eebe7cfc,1.0
e4632e04-87af-11ee-abac-ad67c4d84646,1.0
e48accd4-d80e-11ef-98e3-25f750c1eb66,1.0
e49910b6-a676-11ef-a840-dbd17ae53b6e,2.0
e4c6d25b-01a8-11ef-8d5f-919b2faa95d0,1.0
e4c7b6ab-a676-11ef-aabc-e5765ae0b4c9,1.0
e4cc171d-a676-11ef-a659-dbd17ae53b6e,1.0
e4e181e5-dd8e-11ef-bbe5-0730c460256d,1.0
e4e2ca44-c6bd-11ee-bd66-b947bdde51ba,1.0
e4e79e40-d420-11ef-90f7-cb148f2fcc68,1.0
e4e8c59e-d420-11ef-8c87-7ddb2b091a89,1.0
e4f1ff6b-87af-11ee-ae53-e35a688b4e60,1.0
e5059b4a-dd8e-11ef-b168-2b104403fded,1.0
e5071c79-c6bd-11ee-8af2-b947bdde51ba,1.0
e50df11d-d420-11ef-980f-4bc011fee3fb,1.0
e51fd126-01a8-11ef-89c3-919b2faa95d0,1.0
e5256f53-01a8-11ef-942a-4ffb2a5bd711,1.0
e529b537-01a8-11ef-8e76-2df5b083ea6b,1.0
e52c1c76-87ae-11ee-94e2-d7acbb0efe09,1.0
e533d235-baee-11ee-af75-43dbd394260c,1.0
e5523497-a676-11ef-8e3d-4b2a26bfc2a1,2.0
e552cd94-dd8e-11ef-9a8a-2b104403fded,1.0
e555829d-d420-11ef-8e57-3fe80191afaa,1.0
e55f08ec-d420-11ef-a26d-3d6b3e9326fd,1.0
e55f1f93-baee-11ee-b86b-613165d2f13c,1.0
e569457f-87af-11ee-b810-ed18b20d40fa,2.0
e57e586e-dd8e-11ef-8f56-2b104403fded,1.0
e59159a8-c6bd-11ee-8bc7-6db499c14cb3,1.0
e59ff68a-dd8e-11ef-a255-2b104403fded,1.0
e5a1bdd1-d420-11ef-beb8-4bc011fee3fb,2.0
e5c3c055-832d-11ee-a1a8-c15248907c49,1.0
e5c95683-dd8e-11ef-92b9-47c676ae0e58,1.0
e5cd8f4c-87ae-11ee-8eda-d7acbb0efe09,1.0
e5d97769-d80e-11ef-b581-cb6f6ce867ec,1.0
e5ddbd0d-c6bd-11ee-9e66-4b71722db1f0,1.0
e5eb426e-d420-11ef-ae58-cb148f2fcc68,1.0
e5f914a7-d80e-11ef-a8bb-65af12325d01,1.0
e5fb1297-d80e-11ef-93a1-8beaf7c37f5b,1.5
e617ac20-dd8e-11ef-b83b-232e4be828e2,1.0
e6257f00-01a8-11ef-af95-13cf5ee530fe,1.0
e62b30e6-b636-11ee-8539-17b53f7dd33e,1.0
e62b55af-b636-11ee-b5bd-e1932166ac31,2.0
e62d1929-0376-11f0-afbb-b118d5db0390,1.0
e63f1da8-d80e-11ef-b39b-65af12325d01,1.0
e63fc51c-0376-11f0-b31a-b118d5db0390,1.0
e6483b9b-baee-11ee-8a54-613165d2f13c,1.0
e6540719-d420-11ef-8046-4d7a6b4df57b,1.0
e6552c87-d420-11ef-af84-a157b38c9c33,1.0
e65ca316-87af-11ee-bffc-e9621c3afa30,1.0
e6616405-dd8e-11ef-8c13-8b0a506dbc94,2.0
e692b9c1-0376-11f0-aa79-4515ea1bc781,1.5
e698c23f-0376-11f0-a9b5-b118d5db0390,1.0
e6b2209b-dd8e-11ef-8526-47e8907244ff,1.0
e6b70ee8-d80e-11ef-a495-194779771d04,1.0
e6bd8d14-a0f0-11ef-9427-a142ce6db0e6,1.0
e6c19826-d420-11ef-8a8d-5be63c7154f2,1.0
e6c36223-d420-11ef-b90b-a157b38c9c33,1.0
e6cbdb31-dd8e-11ef-abe4-2b104403fded,1.0
e6ffb965-87ae-11ee-a27e-df75cd34e5a4,1.0
e6fff792-dd8e-11ef-ad82-c101ac199cee,1.0
e7013a93-baee-11ee-92c8-190f4f1c6027,1.5
e7078ed2-d420-11ef-a9d9-5be63c7154f2,1.0
e7289d5b-d420-11ef-80ab-f5613ec23424,2.0
e72a367e-baee-11ee-82a3-e57a0e9eba39,1.6666666666666667
e72f2878-a0f0-11ef-80a6-ab1446d186de,1.0
e72f4d3c-dd8e-11ef-83f0-f3bdbc826945,1.0
e7369279-0376-11f0-bcff-4515ea1bc781,1.0
e7510035-d420-11ef-90ec-05685cb3c928,1.0
e75490ad-d80e-11ef-8bdf-e72a1e9fc5e9,2.0
e759ec1a-dd8e-11ef-9ef1-47e8907244ff,2.0
e75e2830-a66c-11ee-88e0-b3d9ab81970e,1.0
e778cc35-b636-11ee-a712-8320b01af1e7,1.0
e77b175b-d80e-11ef-ba94-0556740077b2,2.0
e78afb56-d420-11ef-bef9-83c769736563,1.0
e78e1262-d420-11ef-9dba-a157b38c9c33,1.0
e794091e-a0f0-11ef-a24c-23fc5cc8ef16,1.0
e797f62a-baee-11ee-bde2-27fb68c09b7f,1.0
e7985ec3-b636-11ee-aff2-a792d6c60562,1.0
e79ca35d-b636-11ee-adb8-331851efa2da,1.0
e7a42606-8107-11ef-adb8-75deffc1a07b,1.0
e7a57b9e-dd8e-11ef-955c-07950ae7837f,1.0
e7ba04cb-d420-11ef-a80d-cb42bc593b78,1.5
e7c2ad73-c6bd-11ee-952d-b7395a529825,2.0
e7e9ddf1-b636-11ee-b7a8-bf2deb4addef,1.0
e7ef610e-87ae-11ee-b8a5-1196eebe7cfc,1.0
e7fb2a76-b636-11ee-a12a-09203dad099c,1.0
e818d0c0-dd8e-11ef-a2ea-3b9b909fa11e,1.0
e81ea4f7-d80e-11ef-96b3-3310bf7558f2,1.5
e82f5a48-baee-11ee-82a2-51a7f4150069,1.0
e83450fc-d80e-11ef-8ddd-95732125109d,1.0
e836f8ef-dd8e-11ef-8bcd-0730c460256d,2.0
e8493aee-a66c-11ee-8963-cbdc02333ac5,2.0
e852ef71-a0f0-11ef-895f-71152b3a4932,1.0
e85ce079-baee-11ee-835e-7f3de0cec7a7,1.0
e85e233b-dd8e-11ef-80fd-2b104403fded,1.0
e87662c5-d80e-11ef-abb2-bfd0c009adaa,1.0
e878ca03-a0f0-11ef-8f05-bb35025318d6,1.0
e89c7694-d80e-11ef-9aad-19ebfe853437,2.0
e89e3a83-d80e-11ef-813c-d794e6bec857,1.0
e8a114ad-a0f0-11ef-8040-0bffa249f725,1.0
e8a3b26e-dd8e-11ef-9e13-0730c460256d,1.0
e8a58bcc-dd8e-11ef-94c9-3b9b909fa11e,1.6666666666666667
e8b6ff4e-a0f0-11ef-b9e0-f1e560ba09af,1.0
e8ca915f-dd8e-11ef-be66-819fe9795fc3,1.0
e8e19591-d80e-11ef-9a78-aff25cac95be,1.0
e8e3c0e3-87af-11ee-8250-b3ee144f53a2,1.0
e8ec2031-dd8e-11ef-8328-819fe9795fc3,2.0
e8edfedc-dd8e-11ef-97aa-8d823d1567bd,1.0
e8eea093-87ae-11ee-854d-e9621c3afa30,1.0
e8f9230d-92d7-11ee-8660-1536b3e8d9bd,1.0
e90b1507-d80e-11ef-aacb-0556740077b2,2.0
e911d65b-b636-11ee-9e98-c5c867afcf07,1.0
e9128a37-dd8e-11ef-a63a-895b553a36d3,1.0
e9131d15-dd8e-11ef-b93a-3b9b909fa11e,4.0
e936af3a-87ae-11ee-a672-85e000f9cde0,1.0
e951c933-b636-11ee-a23e-bdbc779bc48e,1.0
e966c4c1-825b-11ee-bbd6-3d40c935b345,1.0
e96f908d-b636-11ee-be94-3b4eefef1140,1.0
e98ab2a2-dd8e-11ef-9f9e-b99f8bd0dde2,1.0
e98cf5ef-dd8e-11ef-b9d1-8bf77e267e8b,1.0
e98f803d-b636-11ee-b9b7-3ffd7db5ac20,2.0
e9b031dd-dd8e-11ef-b0f6-c7050eac6388,1.0
e9b07d5a-dd8e-11ef-835c-b3b32b6e5f27,1.0
e9b564bb-dd8e-11ef-9464-8be92cb4459e,1.5
e9c5e42d-d80e-11ef-920f-8beaf7c37f5b,1.0
ea026a4e-dd8e-11ef-8681-c7050eac6388,1.0
ea0b1028-a0f0-11ef-934d-eb909bf8ab08,1.0
ea23fde3-87ae-11ee-b623-937164efacfe,1.0
ea24502d-dd8e-11ef-a088-e964ad65343a,1.0
ea4f6b66-d80e-11ef-9388-fb8312598ccb,1.5
ea4faa0a-a0f0-11ef-818e-eb909bf8ab08,1.0
ea5e44cd-050a-11f0-b465-c32d22295460,1.0
ea5edc31-87af-11ee-bd75-ed18b20d40fa,1.0
ea727b80-87ae-11ee-82d8-e383dbaa74d1,1.0
ea7e1cf5-87af-11ee-b22a-37a3308de0be,1.0
ea834de6-b636-11ee-9005-958bb7da6bf1,1.0
ea96a4ab-a0f0-11ef-acca-eb909bf8ab08,1.0
ea9e3045-a66c-11ee-bc7c-bfeb05128808,1.8
eaa16f7c-dd8e-11ef-b4e9-c3fdd543c285,1.0
eaab4b5f-050a-11f0-b361-cf937e4be919,1.0
ead192dd-050a-11f0-a9ed-7b1fa99d9b9b,2.5
eaea9241-dd8e-11ef-9b53-b99f8bd0dde2,1.0
eaed73d7-dd8e-11ef-920c-e964ad65343a,1.0
eb009230-87ae-11ee-b60d-4950d880aa6b,1.0
eb0d6a55-d80e-11ef-b11e-0556740077b2,1.0
eb0f4cf5-d80e-11ef-819d-4d7593e1473a,1.0
eb54b2e2-dd8e-11ef-ac28-e964ad65343a,1.0
eb5d0328-050a-11f0-9fe9-d56c3c0a2821,1.0
eb821811-0979-11f0-b120-b1d8b54a8310,1.0
eb834ccf-87ae-11ee-89ab-d7acbb0efe09,1.0
eb87732b-baee-11ee-a6b1-53cd59428d19,2.0
eb8859dc-0979-11f0-abea-45273426d0dc,1.0
eb97927d-d80e-11ef-b80c-5760d1220200,1.0
eba50ed0-0979-11f0-81fc-4bdde1705e12,1.0
ebb85648-87ae-11ee-b0dd-a34456479055,1.0
ebc80095-0979-11f0-84b6-7d4102533116,1.0
ebc8658d-dd8e-11ef-b78e-b3b32b6e5f27,1.0
ebc8ccfe-dd8e-11ef-a298-232e4be828e2,1.0
ebd5d1f0-b636-11ee-936c-f3f539947c25,2.0
ebdd96a0-0979-11f0-be0b-9f0d8e4b95ec,1.0
ebe4e2f1-d80e-11ef-a0b4-194779771d04,1.0
ebe94228-d80e-11ef-bbb2-95732125109d,1.0
ebe962af-d80e-11ef-90eb-25f750c1eb66,1.0
ebf130f2-dd8e-11ef-a72f-b99f8bd0dde2,1.0
ebf76960-87af-11ee-a568-2b1d0885071f,1.0
ebff7799-87ae-11ee-b590-8540968a4aab,2.0
ec11bb6e-0979-11f0-9c24-4d218aef4cfa,1.0
ec143906-050a-11f0-bdee-c558106d16d9,1.0
ec1aec62-050a-11f0-95f5-85adc6e3bbf1,1.0
ec1e3c6f-baee-11ee-92dc-e57a0e9eba39,1.0
ec6036e5-0979-11f0-8513-4f064f653b1d,1.0
ec60bb35-0979-11f0-beea-1dd7a8401894,1.0
ec65c1bc-baee-11ee-b3cc-7f3de0cec7a7,1.0
ec92a4a6-050a-11f0-be87-75e3dec977bb,2.0
ecae028c-87ae-11ee-8229-bbe4872ed907,1.0
ecb156b0-dd8e-11ef-9e5a-c101ac199cee,1.0
ecb8d334-050a-11f0-8e7e-c795763c8119,2.0
ecd34119-d80e-11ef-9b43-d78543a29e9c,1.0
ecd6f62f-87af-11ee-bacc-3314279aa0cf,1.0
ecd9634a-dd8e-11ef-97bd-8d823d1567bd,1.0
eceaa2b7-0979-11f0-8fb4-4bdde1705e12,1.0
ecfda94e-dd8e-11ef-96dc-07950ae7837f,1.0
ecfdedc5-87af-11ee-9fcb-732733f3f0af,2.0
ecfe5af8-050a-11f0-a920-591a6c32a965,1.0
ed08d64b-87ae-11ee-8001-d7acbb0efe09,1.0
ed136b19-87af-11ee-8167-732733f3f0af,1.0
ed1f668f-d80e-11ef-bb56-aff8be1dac22,1.0
ed294938-dd8e-11ef-82a9-b99f8bd0dde2,1.0
ed35830e-b636-11ee-8b42-a75772cf2511,1.0
ed3fcbc4-050a-11f0-831f-75e3dec977bb,1.0
ed6572f7-050a-11f0-8387-c795763c8119,1.0
ed72b9e1-dd8e-11ef-809e-8be92cb4459e,1.0
ed732c1c-dd8e-11ef-a0c0-232e4be828e2,1.0
ed749d5b-dd8e-11ef-9ccb-07950ae7837f,1.0
ed9a283c-dd8e-11ef-9e00-d546140bdd3b,1.0
eda99365-0979-11f0-a1d3-9f0d8e4b95ec,1.0
edaad661-d80e-11ef-923a-5fec75f382bd,1.0
edbe4867-dd8e-11ef-9906-5196649c7569,1.0
edc59d4e-0979-11f0-8f69-45273426d0dc,1.0
ee0e7bd8-87ae-11ee-b627-4950d880aa6b,1.0
ee1b8b5d-c93a-11ef-9ba5-6b299687b4c2,1.0
ee22e833-0979-11f0-be5a-a949c7ff8073,1.0
ee23dc45-dd8e-11ef-a648-c7050eac6388,1.0
ee4d1232-ea14-11ef-8b58-4310944db0a3,1.0
ee4f8cf5-dd8e-11ef-a7ee-35d2a9cbca6b,1.0
ee74d0c4-baee-11ee-b860-8fcbdac8273c,2.0
ee829881-0979-11f0-9197-1d84616a72c2,1.0
ee8bd63a-ea14-11ef-b69f-f3267db32ee8,1.1666666666666667
ee8bd80b-ea14-11ef-bb77-3b46403c7e98,1.0
eed45e75-0979-11f0-82b4-1d84616a72c2,1.5
eef246f9-d80e-11ef-9af8-aff8be1dac22,1.3333333333333333
eefcda9f-ea14-11ef-a964-ddb35193d8c1,1.0
eeff5d51-ea14-11ef-a704-7f2deec5ed16,1.0
ef00933c-0979-11f0-8dd7-1dd7a8401894,1.0
ef206794-ea14-11ef-b415-738fb5e03f5e,1.0
ef3db377-050a-11f0-ac06-551af921dd89,1.6
ef3dd155-050a-11f0-b7ec-4fc96ef84fbe,1.0
ef450e38-050a-11f0-a5bc-c1a1679c7081,1.0
ef4602ce-ea14-11ef-8c09-3b46403c7e98,1.0
ef5dfad7-dd8e-11ef-b016-8be92cb4459e,1.0
ef632c9d-dd8e-11ef-8794-a3670a1f2846,1.0
ef69031a-050a-11f0-873f-e58117009cf6,1.0
ef7987de-753c-11ef-bc2d-a3943322165b,1.0
ef7ea5a8-dd8e-11ef-ae79-8d823d1567bd,1.0
ef8302c7-ea14-11ef-8a49-4b18a0853f70,1.0
ef8cb022-050a-11f0-9770-ff35730c4976,1.0
ef9b881c-ea14-11ef-8c1e-bb9ffa085145,1.0
ef9dff14-050a-11f0-b314-85adc6e3bbf1,1.0
efaaa44e-dd8e-11ef-bc91-f3bdbc826945,1.0
efbcd088-87af-11ee-b538-b3ee144f53a2,1.0
efbd093a-0979-11f0-986e-45273426d0dc,1.0
efc1a905-753c-11ef-99fd-65bb41fb1973,1.0
efc60e7e-ea14-11ef-a1fa-7319c82fa2f2,1.0
efe8ba7b-050a-11f0-817c-9b2bd8a18b80,1.0
eff1253d-753c-11ef-8812-853be7a2fdb3,1.0
f0308de8-0979-11f0-9220-4f064f653b1d,1.0
f032459a-050a-11f0-b760-4fc96ef84fbe,1.0
f03a82b6-87af-11ee-ac35-d7acbb0efe09,1.0
f0477306-ea14-11ef-99b8-bb9ffa085145,1.0
f04825cf-0979-11f0-8bf8-1d84616a72c2,1.0
f0486af6-ea14-11ef-bf0a-3b46403c7e98,1.0
f05c7726-000b-11f0-b266-cf4c7034057d,1.0
f064d135-d80e-11ef-8076-5fec75f382bd,1.0
f0656b2a-050a-11f0-80aa-c795763c8119,1.0
f067f74c-87ae-11ee-9334-f30dd2de4340,1.0
f06b811f-0979-11f0-b827-45273426d0dc,1.0
f0735e51-0979-11f0-a14d-1dd7a8401894,1.0
f074a234-87ae-11ee-8067-33f3de93faa9,1.0
f083efcd-050a-11f0-9d43-591a6c32a965,1.0
f0aa3dae-000b-11f0-81a7-e947cb20f6fe,1.0
f0af632a-0979-11f0-83e9-95d5ee043500,1.0
f0b7c1c7-87ae-11ee-ab85-937164efacfe,1.0
f0d8cb9e-d80e-11ef-8c07-33f8c12257be,2.0
f0db8e37-753c-11ef-b624-151a490326f0,1.0
f0fd5053-d80e-11ef-a192-33f8c12257be,1.6666666666666667
f0fd94ed-ea14-11ef-b319-638dd791cf8d,1.0
f119d2b1-d80e-11ef-b89c-5fec75f382bd,1.0
f1287265-87ae-11ee-a608-e383dbaa74d1,1.3333333333333333
f12c215d-ea14-11ef-8431-736a2fc1818e,1.0
f1437e68-d80e-11ef-89f8-836c13b41063,1.0
f14b37d9-ea14-11ef-b4ad-375dbb7e68c3,1.0
f171ae40-ea14-11ef-9dbe-ddb35193d8c1,1.0
f171fe4a-000b-11f0-8e2a-cf4c7034057d,1.0
f18d7609-d80e-11ef-910e-95732125109d,1.5
f1ae957c-753c-11ef-af9f-211c2fb888bb,1.0
f1b4c4b3-87ae-11ee-b212-53c5162f89cb,1.0
f1b6d97a-ea14-11ef-a68d-19c51b77051d,1.0
f1bdce87-000b-11f0-b29e-d1ef8078fc42,1.0
f1cbdeae-bbee-11ef-ae77-af6fdc5e5ab1,1.0
f1d3e66b-d80e-11ef-9a91-5fec75f382bd,1.0
f1d46a9a-d80e-11ef-8b0c-3310bf7558f2,1.0
f1d9f0c5-ea14-11ef-bc30-3f774f78e331,1.0
f1e9b070-a66c-11ee-aaa3-cbdc02333ac5,1.1666666666666667
f21e071b-87ae-11ee-911b-3fda0428ff79,1.0
f2252996-ea14-11ef-b0f6-4310944db0a3,1.0
f22af883-ea14-11ef-a144-4b18a0853f70,1.5
f2584f1f-87af-11ee-947a-c14a6c4c1780,1.0
f25a5eb1-d80e-11ef-8992-836c13b41063,1.0
f288691e-a286-11ef-84e3-51bd2449bc33,1.0
f2999cd2-000b-11f0-aa3b-f7894bfcb2ef,1.0
f29e10a2-d80e-11ef-8100-33f8c12257be,1.0
f2a66fac-a286-11ef-b2fa-ad1f35dd49c8,1.0
f2b16ef9-87ae-11ee-9f4f-3fda0428ff79,1.0
f2d36410-a286-11ef-8e8b-27edd306f6c5,1.0
f2d6bc0e-753c-11ef-b631-95f54fd34ebb,1.0
f2d74af8-a66c-11ee-b117-c18e5de2533a,1.0
f2d8ae1a-ea14-11ef-9416-3b46403c7e98,1.0
f2e1b70a-d80e-11ef-ae87-c113d31d5e75,1.0
f2e37bc4-d80e-11ef-9d8c-836c13b41063,2.0
f2ff36ea-ea14-11ef-8a1e-638dd791cf8d,1.5
f3079a5d-d80e-11ef-92be-8fd9f9bd6653,1.0
f32a4880-753c-11ef-96ef-d53c1dd5bf3e,1.0
f32cea47-d80e-11ef-873f-e72a1e9fc5e9,2.0
f33365b7-87ae-11ee-a323-e9621c3afa30,1.0
f34afb14-ea14-11ef-a960-638dd791cf8d,1.0
f35d8fad-d80e-11ef-91ca-8fd9f9bd6653,1.0
f3713a83-ea14-11ef-81e9-573a2bf92e9c,1.0
f378faeb-000b-11f0-852d-f7894bfcb2ef,1.0
f3932746-a66c-11ee-a4d5-a93a1e7578dc,1.0
f3935294-ea14-11ef-b883-6fcceefd3d21,1.0
f3c106a6-d80e-11ef-b9be-d78543a29e9c,1.0
f3d9b5d6-a286-11ef-9fa2-27edd306f6c5,1.0
f3f5f334-a66c-11ee-a1ab-c18e5de2533a,2.0
f406563a-4080-11ef-8ce2-e16c73cdb3e5,1.0
f42a384c-000b-11f0-b249-c95615349d79,1.0
f42e06d3-d80e-11ef-8cea-5fec75f382bd,1.5
f4488b68-87af-11ee-b316-570c46a73669,1.0
f451f5b6-753c-11ef-a9f1-2d98e25b0d56,1.0
f45a1b13-a286-11ef-aba6-ad1f35dd49c8,1.0
f45ab6f6-a286-11ef-acef-27edd306f6c5,1.0
f45c42b0-87ae-11ee-a5ae-732733f3f0af,1.0
f468da70-000b-11f0-98cd-d1ef8078fc42,1.0
f46ae1b9-000b-11f0-849b-397e7845e734,1.0
f4930fa6-d80e-11ef-bd38-33f8c12257be,1.0
f4caab13-a286-11ef-bc44-51bd2449bc33,1.0
f4ccba4b-a66c-11ee-8f2f-372ed741db7b,1.0
f4e4ba95-753c-11ef-be5c-bf18877415ec,1.0
f4ef8034-a286-11ef-a4ec-51bd2449bc33,1.0
f4f26769-000b-11f0-b028-5bf1caa4730c,1.0
f53ee7a1-a286-11ef-9ef7-27edd306f6c5,1.0
f5634c5d-a286-11ef-ad7f-51bd2449bc33,1.0
f565caf4-753c-11ef-bcee-53c2dad9158d,1.0
f56b20fe-4080-11ef-aa33-a98abcfefd73,1.0
f573f34d-000b-11f0-b66e-675d6386f2f2,1.0
f5852059-7cb6-11ee-9b8c-5502cfbb2746,1.0
f5910733-4080-11ef-8a27-b99b07989848,1.0
f592559d-d80e-11ef-b8f6-8beaf7c37f5b,1.0
f5b4c385-87ae-11ee-bffd-ed5dfbd1ecd4,1.0
f5b6759e-000b-11f0-bf9d-d1ef8078fc42,1.0
f5c0d85d-d80e-11ef-82c4-d78543a29e9c,1.0
f5dc0259-000b-11f0-b401-d1ef8078fc42,1.0
f5f4185c-a66c-11ee-a96a-e319c2401a72,1.0
f6089e11-753c-11ef-9de0-5f5e9858c68a,1.0
f64c86cb-753c-11ef-9e35-2d98e25b0d56,1.0
f65100f1-9ba3-11ef-af1d-cb73ee3251e3,1.0
f65d98b7-000b-11f0-bfac-dd71b0392b68,1.0
f66119a8-d80e-11ef-9c75-5fec75f382bd,1.0
f6632f69-87af-11ee-a0d2-d324eef62dde,2.0
f66800e2-87ae-11ee-a100-ed5dfbd1ecd4,1.0
f67ad179-000b-11f0-9c39-cf4c7034057d,1.0
f6839d39-a66c-11ee-9d4f-d329f1141dae,1.0
f69f4637-d80e-11ef-8315-c113d31d5e75,2.0
f69f5183-d80e-11ef-ad21-8beaf7c37f5b,1.0
f69f6f66-9ba3-11ef-8d54-0b8304b9fcdb,1.0
f6a0b1e9-9ba3-11ef-a422-a3ddb45803f1,1.0
f6b00d22-4b85-11ef-9a03-b14cefb9e87f,1.0
f6c35bca-9ba3-11ef-9926-a3ddb45803f1,1.0
f6d90a93-d80e-11ef-8365-aff8be1dac22,1.0
f6df3f66-4b85-11ef-936f-0f2f49077fa0,1.6666666666666667
f6e80837-87ae-11ee-8e3b-c7194e2b053a,1.0
f6ec2067-9ba3-11ef-bf0f-d73d8e054e6c,1.0
f702a724-4537-11ef-a26b-ad8ba9755818,1.0
f70774ee-4080-11ef-8db7-1d3003b37e5e,2.0
f70febfe-ad95-11ef-9d3a-5d5a1d3d2b97,1.0
f711e8b3-9ba3-11ef-ad35-0b8304b9fcdb,1.0
f7133c4c-9ba3-11ef-81d6-db42f6c470de,1.0
f747d7d7-000b-11f0-8c03-dd71b0392b68,1.0
f75aef68-9ba3-11ef-99ec-db42f6c470de,1.0
f7721eb6-4080-11ef-8838-bdc57427bade,1.0
f774d078-87af-11ee-9185-33f3de93faa9,1.0
f778c4bf-d80e-11ef-9e57-4d7593e1473a,1.0
f7900eca-87ae-11ee-93a3-1196eebe7cfc,1.0
f7a80e44-9ba3-11ef-a580-d73d8e054e6c,1.0
f7b8082d-4080-11ef-a6c2-e37a5e52f68c,1.0
f7c7c196-9ba3-11ef-9700-db42f6c470de,1.0
f7d0dff1-000b-11f0-8c2a-c95615349d79,1.0
f7f00767-87ae-11ee-a1e3-732733f3f0af,1.0
f7f479d2-a66c-11ee-aa91-e319c2401a72,1.0
f815dd2f-000b-11f0-87c7-e959c5186e0a,1.0
f81f57c3-87ae-11ee-afc0-b3542f744263,1.0
f877fd9a-4537-11ef-8b7b-2ff199118405,1.0
f885e198-6c73-11ef-b7e7-3120c20ef34b,1.5
f8c62a13-000b-11f0-9537-05c436bb285f,1.0
f8cab464-d80e-11ef-8ffb-d78543a29e9c,3.0
f90df08f-d80e-11ef-9883-3310bf7558f2,1.0
f920a382-000b-11f0-80f2-f7894bfcb2ef,1.0
f947a0ed-d80e-11ef-8f87-3310bf7558f2,1.0
f94a7cd2-87ae-11ee-a53a-4950d880aa6b,1.0
f9693403-000b-11f0-8093-f7894bfcb2ef,1.0
f9753371-87af-11ee-a316-bbaf86afe6b6,1.0
f9757081-d80e-11ef-9ebe-5fec75f382bd,1.0
f985fc7b-000b-11f0-b0b7-79ccf6d2215f,1.0
f9af8321-753c-11ef-88bd-8759ffc44b0a,1.0
f9af9664-87ae-11ee-82e0-53c5162f89cb,2.0
f9d436ce-000b-11f0-87c5-05c436bb285f,1.0
f9f0ac91-87ae-11ee-b758-a34456479055,2.0
f9f98fb7-9ad7-11ef-b163-affb8d244fb5,1.0
fa24ce06-9b78-11ee-9771-0586de462b8e,1.0
fa2a0e71-d80e-11ef-9818-5fec75f382bd,2.0
fa4194cd-9ad7-11ef-9ea4-130b1a8655da,1.6666666666666667
fa5181f8-753c-11ef-9a0a-853be7a2fdb3,1.0
fa55a90a-a66c-11ee-bbe3-8b27362f3e5b,1.0
fa7d05a3-753c-11ef-9801-c1707e6fb3e2,1.0
fa853ac4-000b-11f0-943c-05c436bb285f,1.0
fab773d9-753c-11ef-a07d-a3943322165b,1.0
fab7b614-a66c-11ee-bb5e-d5c89324515c,1.3333333333333333
fab834c5-4537-11ef-ac56-61b589e7f51f,1.6666666666666667
fad2ac93-a66c-11ee-b2cb-a93a1e7578dc,1.0
fad5dd70-9ad7-11ef-8a5c-cfacfa751d45,1.0
fb00bee4-87ae-11ee-a175-a34456479055,1.0
fb1d9e24-753c-11ef-b02f-0da2851227e3,1.3333333333333333
fb1f4111-87ae-11ee-879d-7f241295132f,1.0
fb212fed-000b-11f0-8179-8fede9c6b5ca,1.0
fb26d923-d80e-11ef-b948-d794e6bec857,1.0
fb45ebd4-a66c-11ee-994d-7fd9d86650b9,1.0
fb659070-96ed-11ef-9eb4-0deadceb4de1,2.5
fb68f651-000b-11f0-8ac3-397e7845e734,1.3333333333333333
fba5c100-87af-11ee-96f5-b7631fc4454a,1.0
fbab759d-87ae-11ee-b670-0956827f7b84,1.0
fbab909d-000b-11f0-aac8-35752ee55873,1.0
fbb38f0b-96ed-11ef-a5b9-ab9878b42587,1.0
fbbf75cd-d80e-11ef-9f52-33f8c12257be,1.0
fbc7c83b-753c-11ef-8a6e-a3943322165b,2.0
fbf66dc5-000b-11f0-82ac-f7894bfcb2ef,1.0
fc14db01-87ae-11ee-95a1-bbe4872ed907,1.0
fc30a112-87ae-11ee-a4f2-23bd046534df,1.3333333333333333
fcbeaa42-7274-11ee-9b8d-252a377328e8,1.0
fcd27665-000b-11f0-9555-bf8b4b00c12f,1.0
fcd70753-4537-11ef-925d-7fc144c58ec5,1.0
fcf87a5e-87ae-11ee-91ae-23bd046534df,1.0
fd17b065-a66c-11ee-9fbb-7fd9d86650b9,1.0
fd17fef8-000b-11f0-a967-7d538fb6a2c1,2.0
fd19b8bb-87ae-11ee-8e0e-ed5dfbd1ecd4,1.0
fd5e9e29-000b-11f0-b1e9-79ccf6d2215f,1.0
fd9989d6-87ae-11ee-b46e-c7194e2b053a,2.0
fd9bbd61-96ed-11ef-afae-7f13ec4166d1,1.0
fdb15686-e08b-11ee-86a0-a1e9156cc378,1.0
fdb9a0c9-000b-11f0-b3a6-e959c5186e0a,1.0
fdc59e0f-96ed-11ef-9a0a-3bf10093c5a9,1.0
fe092e6d-000b-11f0-8e54-05c436bb285f,1.4
fe0de85b-d80e-11ef-8cee-fb8312598ccb,1.0
fe0ec9df-d80e-11ef-b537-836c13b41063,1.0
fe138d85-87ae-11ee-bcc6-055528d76b1d,1.0
fe394c41-8d58-11ee-8f2d-5f5fb11909e8,1.9333333333333333
fe46733e-87ae-11ee-80d5-bbe4872ed907,1.0
fe48e973-87ae-11ee-81a2-53c5162f89cb,1.0
fe96084b-d80e-11ef-a089-95732125109d,3.0
fe972d32-d80e-11ef-8572-33f8c12257be,1.0
fea650d1-e887-11ee-9cdb-598b668afff6,1.0
fea697d7-4537-11ef-a3ba-3906d67d67f8,1.0
feaa210a-000b-11f0-9f59-05c436bb285f,1.0
feacc759-e887-11ee-815a-21a3ef9e08bc,1.0
fec2ff65-e08b-11ee-8983-e9097cd336a0,1.0
fedb24f9-d80e-11ef-8f5a-aff8be1dac22,1.0
feea8257-e887-11ee-910a-233290ef1575,1.0
fef51c6b-4537-11ef-b2c2-af746575f845,1.0
ff079166-d80e-11ef-96f6-194779771d04,1.0
ff0a66b6-000b-11f0-994e-41101853c255,1.0
ff0a6c15-000b-11f0-9073-5bf1caa4730c,1.0
ff2e18c2-000b-11f0-8a2c-d380ae44e6c1,1.0
ff40833a-87af-11ee-ab88-3fda0428ff79,1.0
ff455153-96ed-11ef-bebd-3d2269521b56,2.0
ff45c4a9-d80e-11ef-8a3a-5fec75f382bd,1.0
ff5186ce-000b-11f0-a35e-e959c5186e0a,1.0
ff6ab08a-d80e-11ef-8a6c-33f8c12257be,1.0
ff8c99a2-d80e-11ef-b557-a3ba5f828d6b,1.0
ff962166-e887-11ee-ae43-812fe712963e,1.0
ff9a6df8-0e62-11f0-abec-373a497a5183,2.0
ffb1128c-d80e-11ef-9114-a3ba5f828d6b,1.5
ffb701bf-000b-11f0-bd1e-edfcd070cc01,1.0
ffccbdaf-d80e-11ef-a7d7-a3ba5f828d6b,1.0
ffdd5c5a-87ae-11ee-b14f-85e000f9cde0,1.0
ffdfeb05-0e62-11f0-a10b-2d34d5b4b883,1.0
ffee9fb7-96ed-11ef-9081-6fe804336e99,1.0
fff292dd-d80e-11ef-8291-0556740077b2,1.0
